"ReferenceCardId","Year","PlayerName","CardType","DataVersion","PlayerSeasonId","ReferenceCost","PreviousReportCost","CurrentCost","Delta","YearSplit","TeamSplit","SourceUrl"
"PM_50e5248874896be7a92c","1994","가내영","Unknown","OriginalObserved2011","SEASON_936cd3129a0c83061951","5","5","5","0","Validation","Train","https://www.inven.co.kr/webzine/news/?news=86963"
"PM_bbbdba64ea7096a734ae","1994","권준헌","Unknown","OriginalObserved2011","SEASON_d9a2ae6365c8479dfb1a","5","4","4","-1","Validation","Train","https://www.inven.co.kr/webzine/news/?news=86963"
"PM_79b31947b810dd06dae8","1994","김경기","Unknown","OriginalObserved2011","SEASON_9d03205d7f1b529fae4a","8","8","8","0","Validation","Train","https://www.inven.co.kr/webzine/news/?news=86963"
"PM_1e42004ad248cf49772e","1994","김동기","Unknown","OriginalObserved2011","SEASON_7e40386868cc5ea2689b","7","8","8","1","Validation","Train","https://www.inven.co.kr/webzine/news/?news=86963"
"PM_9688b9c252cd8db3a973","1994","김용국","Unknown","OriginalObserved2011","SEASON_d6285ce9ef78ab64105d","5","5","5","0","Validation","Train","https://www.inven.co.kr/webzine/news/?news=86963"
"PM_b860f8c1ec7657a21899","1994","김인호","Unknown","OriginalObserved2011","SEASON_28b9066f0abc5b9201bd","6","6","6","0","Validation","Train","https://www.inven.co.kr/webzine/news/?news=86963"
"PM_e3ae453f2b1eb1586dee","1994","김홍집","Unknown","OriginalObserved2011","SEASON_2b1c99f3ce19e867a5e3","8","8","8","0","Validation","Train","https://www.inven.co.kr/webzine/news/?news=86963"
"PM_12c24f9861280642c161","1994","나성열","Unknown","OriginalObserved2011","SEASON_36ddd4a31bc54dc20c99","4","4","5","1","Validation","Train","https://www.inven.co.kr/webzine/news/?news=86963"
"PM_8dd1280c5bf757ac9664","1994","노승욱","Unknown","OriginalObserved2011","SEASON_152f84ac1ba566064ad5","5","6","5","0","Validation","Train","https://www.inven.co.kr/webzine/news/?news=86963"
"PM_de4b1c4d9641f41b812e","1994","박은진","Unknown","OriginalObserved2011","SEASON_47acc21730065cd7136a","6","7","7","1","Validation","Train","https://www.inven.co.kr/webzine/news/?news=86963"
"PM_e04aae2bf0aa66c45f24","1994","손차훈","Unknown","OriginalObserved2011","SEASON_01f0c399335a4f3d8bfd","5","5","5","0","Validation","Train","https://www.inven.co.kr/webzine/news/?news=86963"
"PM_aa701406e2dde731f371","1994","안병원","Unknown","OriginalObserved2011","SEASON_e88dcfb3bd5c00ae32e7","7","8","9","2","Validation","Train","https://www.inven.co.kr/webzine/news/?news=86963"
"PM_79b3a0eddc5641f592f4","1994","염경엽","Unknown","OriginalObserved2011","SEASON_161834e8b7d634ff1060","6","6","6","0","Validation","Train","https://www.inven.co.kr/webzine/news/?news=86963"
"PM_90234b4bfc748832e1fa","1994","윤덕규","Unknown","OriginalObserved2011","SEASON_47cd3fd0b7d4101c6505","8","8","8","0","Validation","Train","https://www.inven.co.kr/webzine/news/?news=86963"
"PM_215cc9be8ad11b99cd4b","1994","이희성","Unknown","OriginalObserved2011","SEASON_e06117671d9b6648cf7a","6","5","5","-1","Validation","Train","https://www.inven.co.kr/webzine/news/?news=86963"
"PM_26c90d233557b87d7253","1994","정명원","Unknown","OriginalObserved2011","SEASON_2e78c823987707897cfc","9","8","10","1","Validation","Train","https://www.inven.co.kr/webzine/news/?news=86963"
"PM_8875e25f278fb8671653","1994","정민태","Unknown","OriginalObserved2011","SEASON_8964c4bd69c0816f471a","7","9","9","2","Validation","Train","https://www.inven.co.kr/webzine/news/?news=86963"
"PM_47a27ceedce4b995e47d","1994","조웅천","Unknown","OriginalObserved2011","SEASON_4c2a4d066d12a3a72e9e","4","4","3","-1","Validation","Train","https://www.inven.co.kr/webzine/news/?news=86963"
"PM_7a67a928c826e84d31c5","1994","최상덕","Unknown","OriginalObserved2011","SEASON_2877baf359eb706ce0a8","8","9","9","1","Validation","Train","https://www.inven.co.kr/webzine/news/?news=86963"
"PM_8f935e47d6082e2f3961","1994","최창호","Unknown","OriginalObserved2011","SEASON_e9e4adaf6ea3be997570","7","8","8","1","Validation","Train","https://www.inven.co.kr/webzine/news/?news=86963"
"PM_3ac48ce04022ffa574e8","1995","강길용","Unknown","OriginalObserved2011","SEASON_c378a593d07e253b56f6","5","6","6","1","Train","Holdout","https://www.inven.co.kr/webzine/news/?news=86966"
"PM_d7dc1b7138a2df566347","1995","강병규","Unknown","OriginalObserved2011","SEASON_af5356ea9f8281e9e2a1","5","8","8","3","Train","Holdout","https://www.inven.co.kr/webzine/news/?news=86966"
"PM_0288737d076f38cb4885","1995","권명철","Unknown","OriginalObserved2011","SEASON_dd8a1f29eeef5124214f","9","9","9","0","Train","Holdout","https://www.inven.co.kr/webzine/news/?news=86966"
"PM_680f6f43e75349ee781c","1995","김경원","Unknown","OriginalObserved2011","SEASON_7fbd8a0585bf6bc85aec","6","8","8","2","Train","Holdout","https://www.inven.co.kr/webzine/news/?news=86966"
"PM_0f7504695afc9099c1e8","1995","김민호","Unknown","OriginalObserved2011","SEASON_3488bebf1bbb4e6d9938","6","7","8","2","Train","Holdout","https://www.inven.co.kr/webzine/news/?news=86966"
"PM_8a7dd508e9ea1f929002","1995","김상진","Unknown","OriginalObserved2011","SEASON_9e6631e2419a1f84616f","10","9","10","0","Train","Holdout","https://www.inven.co.kr/webzine/news/?news=86966"
"PM_cf4b3a48865cf4140c02","1995","김상호","Unknown","OriginalObserved2011","SEASON_c0d126bd2666f462335d","9","8","10","1","Train","Holdout","https://www.inven.co.kr/webzine/news/?news=86966"
"PM_8f9638f938b1abdbb246","1995","김종석","Unknown","OriginalObserved2011","SEASON_72804867f37c4a8051ef","7","8","8","1","Train","Holdout","https://www.inven.co.kr/webzine/news/?news=86966"
"PM_131bf1fb3b0adeabf36d","1995","김형석","Unknown","OriginalObserved2011","SEASON_4d4bf373d5a8997a52af","7","7","8","1","Train","Holdout","https://www.inven.co.kr/webzine/news/?news=86966"
"PM_0b075cf357ac71effb17","1995","박철순","Unknown","OriginalObserved2011","SEASON_05b34ac41537b5f939ed","6","8","7","1","Train","Holdout","https://www.inven.co.kr/webzine/news/?news=86966"
"PM_e1dc73020e62f4841048","1995","송재용","Unknown","OriginalObserved2011","SEASON_b31ebacad5528fa5316c","5","6","5","0","Train","Holdout","https://www.inven.co.kr/webzine/news/?news=86966"
"PM_0aebffe057920a0c0dbb","1995","심정수","Unknown","OriginalObserved2011","SEASON_123371a6393d40878660","8","8","8","0","Train","Holdout","https://www.inven.co.kr/webzine/news/?news=86966"
"PM_f3767f1d8fd660bb5ab1","1995","안경현","Unknown","OriginalObserved2011","SEASON_f2046b62d76d1915489d","6","6","6","0","Train","Holdout","https://www.inven.co.kr/webzine/news/?news=86966"
"PM_540d640c356b767cde87","1995","이광우","Unknown","OriginalObserved2011","SEASON_933246d0e8c4229ff6e6","4","3","2","-2","Train","Holdout","https://www.inven.co.kr/webzine/news/?news=86966"
"PM_06bb7c606c4279364861","1995","이도형","Unknown","OriginalObserved2011","SEASON_9da1b5a26a412ecc7fb4","7","7","8","1","Train","Holdout","https://www.inven.co.kr/webzine/news/?news=86966"
"PM_154ae7bbe00777d7296e","1995","이명수","Unknown","OriginalObserved2011","SEASON_8b882c4eb6357be025a1","7","7","8","1","Train","Holdout","https://www.inven.co.kr/webzine/news/?news=86966"
"PM_79a3f46c893ee0b0aa51","1995","이용호","Unknown","OriginalObserved2011","SEASON_41c305986e2b139689e4","7","8","8","1","Train","Holdout","https://www.inven.co.kr/webzine/news/?news=86966"
"PM_831ddae98287335a05a0","1995","장원진","Unknown","OriginalObserved2011","SEASON_ea0bba60446a206ab59c","7","7","8","1","Train","Holdout","https://www.inven.co.kr/webzine/news/?news=86966"
"PM_17a82adfa1a7860bad20","1995","장호연","Unknown","OriginalObserved2011","SEASON_ff3d2d9a341793a947e1","5","6","6","1","Train","Holdout","https://www.inven.co.kr/webzine/news/?news=86966"
"PM_e9332cae2cf7a93ba2a6","1995","진필중","Unknown","OriginalObserved2011","SEASON_3d8d42e0bd918bc47441","6","8","8","2","Train","Holdout","https://www.inven.co.kr/webzine/news/?news=86966"
"PM_dc32d670b1149fe4551b","1996","김광림","Unknown","OriginalObserved2011","SEASON_919592fa426e74abc25f","8","8","8","0","Validation","Train","https://www.inven.co.kr/webzine/news/?news=86966"
"PM_e9db07c04e6ef38033ab","1996","김기덕","Unknown","OriginalObserved2011","SEASON_f1bddb545f39f60ea0fd","6","8","9","3","Validation","Train","https://www.inven.co.kr/webzine/news/?news=86966"
"PM_9e7031b1f64cf8d786af","1996","김기태","Unknown","OriginalObserved2011","SEASON_0167aad4022a02b4a04c","7","6","8","1","Validation","Train","https://www.inven.co.kr/webzine/news/?news=86966"
"PM_c2613080564ccad02896","1996","김민국","Unknown","OriginalObserved2011","SEASON_29cc98ec13c8cfa6b2dc","5","6","6","1","Validation","Train","https://www.inven.co.kr/webzine/news/?news=86966"
"PM_b3ff6ca7541c0ae7089f","1996","김실","Unknown","OriginalObserved2011","SEASON_e30bb6608297beb67b76","7","8","8","1","Validation","Train","https://www.inven.co.kr/webzine/news/?news=86966"
"PM_596035937daadf89af84","1996","김원형","Unknown","OriginalObserved2011","SEASON_fca03ea515ae26d25b25","6","8","8","2","Validation","Train","https://www.inven.co.kr/webzine/news/?news=86966"
"PM_46857111bf18ee4a4a40","1996","김현욱","Unknown","OriginalObserved2011","SEASON_6a7567bcf1f743556f7e","6","8","8","2","Validation","Train","https://www.inven.co.kr/webzine/news/?news=86966"
"PM_29ae6c9dfcbc78bf63db","1996","김호","Unknown","OriginalObserved2011","SEASON_205a614714986343713a","6","6","6","0","Validation","Train","https://www.inven.co.kr/webzine/news/?news=86966"
"PM_939ef45dcc36f3bef38c","1996","박경완","Unknown","OriginalObserved2011","SEASON_2fcc65c546815e8bfe72","7","8","8","1","Validation","Train","https://www.inven.co.kr/webzine/news/?news=86966"
"PM_dfbdb8e36223a1ae074d","1996","박노준","Unknown","OriginalObserved2011","SEASON_70cd96faf63fb1587f77","6","4","6","0","Validation","Train","https://www.inven.co.kr/webzine/news/?news=86966"
"PM_2c78ee70e5076aa1aff2","1996","박성기","Unknown","OriginalObserved2011","SEASON_8fce95038e8f30ea0702","6","8","8","2","Validation","Train","https://www.inven.co.kr/webzine/news/?news=86966"
"PM_5630cba23f15528af125","1996","박주언","Unknown","OriginalObserved2011","SEASON_a4d9ff86fb6bf45c06fe","5","6","6","1","Validation","Train","https://www.inven.co.kr/webzine/news/?news=86966"
"PM_bbe7aa4228f105baf003","1996","석수철","Unknown","OriginalObserved2011","SEASON_b09746902d797035bef7","6","6","6","0","Validation","Train","https://www.inven.co.kr/webzine/news/?news=86966"
"PM_1f2700b5db7ca2519b03","1996","성영재","Unknown","OriginalObserved2011","SEASON_c4afb33b71abf2c9e681","8","9","9","1","Validation","Train","https://www.inven.co.kr/webzine/news/?news=86966"
"PM_304c3f6b0200ead2fcf0","1996","심성보","Unknown","OriginalObserved2011","SEASON_1d6ad0d3b9e5aaefe2e4","7","7","7","0","Validation","Train","https://www.inven.co.kr/webzine/news/?news=86966"
"PM_d45dbf8b0e68582bad41","1996","오봉옥","Unknown","OriginalObserved2011","SEASON_39f6521083954078c676","7","8","8","1","Validation","Train","https://www.inven.co.kr/webzine/news/?news=86966"
"PM_64f2e583c83ac9996160","1996","유현승","Unknown","OriginalObserved2011","SEASON_3511367c90bb406d0ed6","4","6","7","3","Validation","Train","https://www.inven.co.kr/webzine/news/?news=86966"
"PM_2a36bd18200d3438b06b","1996","조규제","Unknown","OriginalObserved2011","SEASON_0a89f8814a9c0e5f9260","8","8","8","0","Validation","Train","https://www.inven.co.kr/webzine/news/?news=86966"
"PM_d3b5bee5e26a49efd0a8","1996","조원우","Unknown","OriginalObserved2011","SEASON_2b8f7b81350f0e950cd2","6","6","6","0","Validation","Train","https://www.inven.co.kr/webzine/news/?news=86966"
"PM_b7bb942a31caf0649b78","1996","최정환","Unknown","OriginalObserved2011","SEASON_47c022fa1aec9ae68f2d","6","6","7","1","Validation","Train","https://www.inven.co.kr/webzine/news/?news=86966"
"PM_b1b82ad81aa8ca7aa1ff","1996","최태원","Unknown","OriginalObserved2011","SEASON_67c53f89f100f7e74a7d","6","7","7","1","Validation","Train","https://www.inven.co.kr/webzine/news/?news=86966"
"PM_7f47d488cb746520569c","1997","곽채진","Unknown","OriginalObserved2011","SEASON_8f909b3944c85262d743","6","8","7","1","Train","Validation","https://www.inven.co.kr/webzine/news/?news=86966"
"PM_8545f47bd02b0b2017fa","1997","김상엽","Unknown","OriginalObserved2011","SEASON_9e54d36e08997978cec9","8","8","9","1","Train","Validation","https://www.inven.co.kr/webzine/news/?news=86966"
"PM_e60ebcf390a9ef53a693","1997","김영진","Unknown","OriginalObserved2011","SEASON_da93e5a4afdf0a4fca3d","5","4","3","-2","Train","Validation","https://www.inven.co.kr/webzine/news/?news=86966"
"PM_5f8e28ee827a5c7f2db5","1997","김태균","Unknown","OriginalObserved2011","SEASON_f15564e462b6259e1b73","7","7","8","1","Train","Validation","https://www.inven.co.kr/webzine/news/?news=86966"
"PM_32705dbcf54f338f32af","1997","김태한","Unknown","OriginalObserved2011","SEASON_1b3bad2afd5aa72cc003","8","8","8","0","Train","Validation","https://www.inven.co.kr/webzine/news/?news=86966"
"PM_4ca6b81dc6403233ee95","1997","김한수","Unknown","OriginalObserved2011","SEASON_125ba73a0d1aae879875","8","8","8","0","Train","Validation","https://www.inven.co.kr/webzine/news/?news=86966"
"PM_5010eb45bb7e5ea9a05d","1997","류중일","Unknown","OriginalObserved2011","SEASON_abdaa5ddb734d4fb8923","6","5","5","-1","Train","Validation","https://www.inven.co.kr/webzine/news/?news=86966"
"PM_be1489555f7d190888ed","1997","박충식","Unknown","OriginalObserved2011","SEASON_17d41871ba9f829fd461","8","8","9","1","Train","Validation","https://www.inven.co.kr/webzine/news/?news=86966"
"PM_945f0858c84c48a86a30","1997","성준","Unknown","OriginalObserved2011","SEASON_0cb0da227217796c7801","5","8","8","3","Train","Validation","https://www.inven.co.kr/webzine/news/?news=86966"
"PM_e21fa5211d834a649df1","1997","신동주","Unknown","OriginalObserved2011","SEASON_2800e019fc42803bac4a","9","8","10","1","Train","Validation","https://www.inven.co.kr/webzine/news/?news=86966"
"PM_f62b22d720e0125829cc","1997","양준혁","EX","OriginalObserved2011","SEASON_0d6a39948df9386c3b2c","10","10","10","0","Train","Validation","https://www.inven.co.kr/webzine/news/?news=86966"
"PM_118cbc65675e24a5a1a4","1997","이상훈","Unknown","OriginalObserved2011","SEASON_1ee1b0ad1a9017ea124d","5","6","5","0","Train","Validation","https://www.inven.co.kr/webzine/news/?news=86966"
"PM_8c19f7bbfe3a8c78cbc7","1997","이승엽","Unknown","OriginalObserved2011","SEASON_1c734b681ac10ab46425","9","9","10","1","Train","Validation","https://www.inven.co.kr/webzine/news/?news=86966"
"PM_c701c29a42cec8d549a0","1997","전병호","Unknown","OriginalObserved2011","SEASON_ccfc68114aca7d266534","7","8","8","1","Train","Validation","https://www.inven.co.kr/webzine/news/?news=86966"
"PM_f6c26e17955585792142","1997","정경배","Unknown","OriginalObserved2011","SEASON_c238fe4057e5542686f6","8","8","8","0","Train","Validation","https://www.inven.co.kr/webzine/news/?news=86966"
"PM_3774ee5b388dab8c935c","1997","정성훈","Unknown","OriginalObserved2011","SEASON_5e7b06deef5c05838c39","5","6","6","1","Train","Validation","https://www.inven.co.kr/webzine/news/?news=86966"
"PM_58d12955482f4e622be0","1997","최익성","Unknown","OriginalObserved2011","SEASON_fcd636b914d29ac00791","9","8","10","1","Train","Validation","https://www.inven.co.kr/webzine/news/?news=86966"
"PM_d7bbe05dae0b876d5a95","1997","최창양","Unknown","OriginalObserved2011","SEASON_2c4472df07351dc658b7","5","6","6","1","Train","Validation","https://www.inven.co.kr/webzine/news/?news=86966"
"PM_1f661ce435ae46d99c70","1997","최한림","Unknown","OriginalObserved2011","SEASON_aef68321c366aadf1323","4","3","4","0","Train","Validation","https://www.inven.co.kr/webzine/news/?news=86966"
"PM_32685acb9ba48dd2e546","1997","강태원","Unknown","OriginalObserved2011","SEASON_f26e9fa1b087fee89aff","5","7","8","3","Train","Train","https://www.inven.co.kr/webzine/news/?news=86966"
"PM_96ef40072c0ed5ddc1ec","1997","김봉영","Unknown","OriginalObserved2011","SEASON_be58ecb41202c87286a8","4","4","4","0","Train","Train","https://www.inven.co.kr/webzine/news/?news=86966"
"PM_98345cf5b833171fa34a","1997","김상진","Unknown","OriginalObserved2011","SEASON_085daa37679003b5cab5","7","8","9","2","Train","Train","https://www.inven.co.kr/webzine/news/?news=86966"
"PM_193bbdc9b2e0c0d73c21","1997","김정수","Unknown","OriginalObserved2011","SEASON_fda764461b5b99e4103a","6","8","7","1","Train","Train","https://www.inven.co.kr/webzine/news/?news=86966"
"PM_741f51e5e0d8d57094f7","1997","김종국","Unknown","OriginalObserved2011","SEASON_40be2823fcdf8ad9403c","6","6","6","0","Train","Train","https://www.inven.co.kr/webzine/news/?news=86966"
"PM_c1542fb81007438d4015","1997","김창희","Unknown","OriginalObserved2011","SEASON_08505c36cabca999004d","7","6","7","0","Train","Train","https://www.inven.co.kr/webzine/news/?news=86966"
"PM_77b37927ce31ba3bfc1d","1997","오철민","Unknown","OriginalObserved2011","SEASON_6847654f1096ad9df16d","4","4","3","-1","Train","Train","https://www.inven.co.kr/webzine/news/?news=86966"
"PM_0c54a90b064a9113b39f","1997","이강철","Unknown","OriginalObserved2011","SEASON_5b386f1ca36ea2621f35","9","9","9","0","Train","Train","https://www.inven.co.kr/webzine/news/?news=86966"
"PM_7aba69c88fa94f7f8598","1997","이대진","Unknown","OriginalObserved2011","SEASON_44453fefd67f06e86011","10","9","9","-1","Train","Train","https://www.inven.co.kr/webzine/news/?news=86966"
"PM_cdd5fdbcd1db065e5c44","1997","이순철","Unknown","OriginalObserved2011","SEASON_611d3c984c55d415015a","6","5","5","-1","Train","Train","https://www.inven.co.kr/webzine/news/?news=86966"
"PM_595299a45ea2b552d2a3","1997","이원식","Unknown","OriginalObserved2011","SEASON_6e1872903627c7973df0","5","7","8","3","Train","Train","https://www.inven.co.kr/webzine/news/?news=86966"
"PM_d5a99b271710851a4b72","1997","이재만","Unknown","OriginalObserved2011","SEASON_39296bbb96a14f99fcc2","4","5","5","1","Train","Train","https://www.inven.co.kr/webzine/news/?news=86966"
"PM_f021b933c10029c24d9c","1997","이종범","Unknown","OriginalObserved2011","SEASON_0335389fa183badb152c","10","10","10","0","Train","Train","https://www.inven.co.kr/webzine/news/?news=86966"
"PM_6bd7dedc4dcc7e9c879c","1997","임창용","Unknown","OriginalObserved2011","SEASON_340fc0fdefc76e0ce873","8","9","10","2","Train","Train","https://www.inven.co.kr/webzine/news/?news=86966"
"PM_ec3fe5ae8c73c17c7124","1997","장성호","Unknown","OriginalObserved2011","SEASON_37de93aafb0c11b23425","6","6","6","0","Train","Train","https://www.inven.co.kr/webzine/news/?news=86966"
"PM_016f10d117c002ff5c77","1997","조계현","Unknown","OriginalObserved2011","SEASON_676864704e89f8176188","6","8","8","2","Train","Train","https://www.inven.co.kr/webzine/news/?news=86966"
"PM_d61e1543c860aabcda40","1997","최해식","Unknown","OriginalObserved2011","SEASON_0f5f62a0ff314213d5fe","6","5","5","-1","Train","Train","https://www.inven.co.kr/webzine/news/?news=86966"
"PM_a77ccd2ed2117d2b6168","1997","최훈재","Unknown","OriginalObserved2011","SEASON_f65cc0ce0cc88389f41c","8","7","8","0","Train","Train","https://www.inven.co.kr/webzine/news/?news=86966"
"PM_24f02d66901f03f36758","1997","홍현우","Unknown","OriginalObserved2011","SEASON_84d051f80c237172cf50","8","8","8","0","Train","Train","https://www.inven.co.kr/webzine/news/?news=86966"
"PM_8c699f53994910585100","1998","김경기","Unknown","OriginalObserved2011","SEASON_34e1359f9d63d1b86355","7","8","8","1","Holdout","Train","https://www.inven.co.kr/webzine/news/?news=86966"
"PM_d7bf8e866becc24ce4bd","1998","김광림","Unknown","OriginalObserved2011","SEASON_f6670da70d92a87d4e41","6","5","5","-1","Holdout","Train","https://www.inven.co.kr/webzine/news/?news=86966"
"PM_294b02aa3ce84d423e11","1998","김수경","Unknown","OriginalObserved2011","SEASON_83b023206c5cd7b50b23","9","9","9","0","Holdout","Train","https://www.inven.co.kr/webzine/news/?news=86966"
"PM_a00da82abd06c6df8867","1998","김익재","Unknown","OriginalObserved2011","SEASON_c1a879da8e0e0876d113","4","2","2","-2","Holdout","Train","https://www.inven.co.kr/webzine/news/?news=86966"
"PM_0ee975fe4248ddc1801f","1998","김홍집","Unknown","OriginalObserved2011","SEASON_10fb49e89835c7dac704","4","4","4","0","Holdout","Train","https://www.inven.co.kr/webzine/news/?news=86966"
"PM_6603435dae0f4504f980","1998","박경완","Unknown","OriginalObserved2011","SEASON_8159c2198f148c16af98","6","7","8","2","Holdout","Train","https://www.inven.co.kr/webzine/news/?news=86966"
"PM_86a6b2eb718b2cc2a59c","1998","박재홍","Unknown","OriginalObserved2011","SEASON_d64db2954a1be2a9ea5b","9","8","8","-1","Holdout","Train","https://www.inven.co.kr/webzine/news/?news=86966"
"PM_e66b058a5684232ee816","1998","박진만","Unknown","OriginalObserved2011","SEASON_278cb37e2c90751bb53f","5","5","5","0","Holdout","Train","https://www.inven.co.kr/webzine/news/?news=86966"
"PM_3b74645842117dd2dd78","1998","스트롱","Unknown","OriginalObserved2011","SEASON_372db375ffd50567e716","8","7","7","-1","Holdout","Train","https://www.inven.co.kr/webzine/news/?news=86966"
"PM_f9baa1f55e9970df870a","1998","위재영","Unknown","OriginalObserved2011","SEASON_cd52a3796ecb8e387a79","7","8","9","2","Holdout","Train","https://www.inven.co.kr/webzine/news/?news=86966"
"PM_a04cace78e85325fe30f","1998","이명수","Unknown","OriginalObserved2011","SEASON_b85552c9830bfcbc5d40","7","6","8","1","Holdout","Train","https://www.inven.co.kr/webzine/news/?news=86966"
"PM_1be5bbef27136ab4da83","1998","이숭용","Unknown","OriginalObserved2011","SEASON_6a37f51246f08f52cb1e","7","7","8","1","Holdout","Train","https://www.inven.co.kr/webzine/news/?news=86966"
"PM_ede2ad0a07fd707c00be","1998","전준호","Unknown","OriginalObserved2011","SEASON_801dc4cebca89e77574d","9","8","8","-1","Holdout","Train","https://www.inven.co.kr/webzine/news/?news=86966"
"PM_bf1675db21156374d642","1998","정명원","Unknown","OriginalObserved2011","SEASON_5f9a3e4fae167a32479e","10","9","10","0","Holdout","Train","https://www.inven.co.kr/webzine/news/?news=86966"
"PM_e09aa8b794f4bd4278df","1998","정민태","Unknown","OriginalObserved2011","SEASON_cf6154461e62caab9ea8","10","9","10","0","Holdout","Train","https://www.inven.co.kr/webzine/news/?news=86966"
"PM_96ffb518d0b48f01fed1","1998","조규제","Unknown","OriginalObserved2011","SEASON_22e99a9f91fdcf720daa","5","6","7","2","Holdout","Train","https://www.inven.co.kr/webzine/news/?news=86966"
"PM_9c69a49987dbfcdf1076","1998","조웅천","Unknown","OriginalObserved2011","SEASON_f0f61fa4cfa7eb18a2ff","5","6","7","2","Holdout","Train","https://www.inven.co.kr/webzine/news/?news=86966"
"PM_34ce4da7281437c64e59","1998","최원호","Unknown","OriginalObserved2011","SEASON_1f32e141c608c0262639","8","8","9","1","Holdout","Train","https://www.inven.co.kr/webzine/news/?news=86966"
"PM_1e03bf07ddb88754786c","1998","쿨바","Unknown","OriginalObserved2011","SEASON_88211d741f83405bbcc7","9","8","10","1","Holdout","Train","https://www.inven.co.kr/webzine/news/?news=86966"
"PM_1853e4fdbd3ec9c84686","1999","김기태","Unknown","OriginalObserved2011","SEASON_55d3c3472e95681c90d6","7","8","8","1","Train","Validation","https://www.inven.co.kr/webzine/news/?news=86951"
"PM_5fba6cb31bda1e8d1c26","1999","김상진","Unknown","OriginalObserved2011","SEASON_1652f364d8387245fed8","7","9","9","2","Train","Validation","https://www.inven.co.kr/webzine/news/?news=86951"
"PM_6bad3bbf80375afee2e8","1999","김영진","Unknown","OriginalObserved2011","SEASON_efec80f2f003ae96d750","4","3","3","-1","Train","Validation","https://www.inven.co.kr/webzine/news/?news=86951"
"PM_ff785303e0241bd4b154","1999","김진웅","Unknown","OriginalObserved2011","SEASON_860d67e9b6f4038742be","7","8","8","1","Train","Validation","https://www.inven.co.kr/webzine/news/?news=86951"
"PM_0c4455cc1c2cada9ec6a","1999","김태균","Unknown","OriginalObserved2011","SEASON_ce7f64d86d16e6c1af94","6","6","6","0","Train","Validation","https://www.inven.co.kr/webzine/news/?news=86951"
"PM_482253415df074a97c4a","1999","김한수","Unknown","OriginalObserved2011","SEASON_1effa2b7a379a17d0997","8","8","8","0","Train","Validation","https://www.inven.co.kr/webzine/news/?news=86951"
"PM_6170168da7d04846be7d","1999","김현욱","Unknown","OriginalObserved2011","SEASON_c500d7cb42eab9fcf773","5","8","8","3","Train","Validation","https://www.inven.co.kr/webzine/news/?news=86951"
"PM_c1ef49eb0cbb958e4887","1999","노장진","Unknown","OriginalObserved2011","SEASON_114659389dcde40adc9c","8","9","9","1","Train","Validation","https://www.inven.co.kr/webzine/news/?news=86951"
"PM_816907816ae1d73173de","1999","박동희","Unknown","OriginalObserved2011","SEASON_01c7f1e248272f75ee3e","3","3","2","-1","Train","Validation","https://www.inven.co.kr/webzine/news/?news=86951"
"PM_fef73dfe6bb5afd2bf04","1999","스미스","Unknown","OriginalObserved2011","SEASON_3522014e252c23996d80","8","8","8","0","Train","Validation","https://www.inven.co.kr/webzine/news/?news=86951"
"PM_dd835426f01fe62ae803","1999","신동주","Unknown","OriginalObserved2011","SEASON_b3848d51e83e55b7c0fb","8","7","8","0","Train","Validation","https://www.inven.co.kr/webzine/news/?news=86951"
"PM_d090612cae21e191cb5f","1999","이승엽","EX","OriginalObserved2011","SEASON_5563c7cf72d6410acb86","10","10","10","0","Train","Validation","https://www.inven.co.kr/webzine/news/?news=86951"
"PM_93ef1dd11e3bf83e88fc","1999","임창용","Unknown","OriginalObserved2011","SEASON_8c2db24ab2117b63c79e","9","10","10","1","Train","Validation","https://www.inven.co.kr/webzine/news/?news=86951"
"PM_0f0e350b0c9843b04424","1999","전병호","Unknown","OriginalObserved2011","SEASON_93344296e07e42ca43c2","5","7","7","2","Train","Validation","https://www.inven.co.kr/webzine/news/?news=86951"
"PM_f667112736379c6e223b","1999","정경배","Unknown","OriginalObserved2011","SEASON_daa6d8656cd66ddd227c","8","8","8","0","Train","Validation","https://www.inven.co.kr/webzine/news/?news=86951"
"PM_3f1e4bf8bb9aa1aaaee5","1999","정현욱","Unknown","OriginalObserved2011","SEASON_c1abdf9982f7f30e1cde","5","7","7","2","Train","Validation","https://www.inven.co.kr/webzine/news/?news=86951"
"PM_f35dcceb34ff5170ebaa","1999","홀","Unknown","OriginalObserved2011","SEASON_9e2001fc6978a542e26b","5","6","6","1","Train","Validation","https://www.inven.co.kr/webzine/news/?news=86951"
"PM_a43baa8e18100731b6a6","2000","김기태","Unknown","OriginalObserved2011","SEASON_89533c607f541f4cedba","7","8","8","1","Train","Validation","https://www.inven.co.kr/webzine/news/?news=86951"
"PM_6ef40dceca22723fd274","2000","김상진","Unknown","OriginalObserved2011","SEASON_72e96ba692335588ad73","5","8","8","3","Train","Validation","https://www.inven.co.kr/webzine/news/?news=86951"
"PM_7d4aa748ef1eedbc8475","2000","김진웅","Unknown","OriginalObserved2011","SEASON_67dc299c8647181c0eb0","6","8","8","2","Train","Validation","https://www.inven.co.kr/webzine/news/?news=86951"
"PM_67a575e0c01c0fac5434","2000","김태균","Unknown","OriginalObserved2011","SEASON_f9f22253eb400915bd66","5","6","6","1","Train","Validation","https://www.inven.co.kr/webzine/news/?news=86951"
"PM_d783f4c26759422e24ee","2000","김태한","Unknown","OriginalObserved2011","SEASON_59012e07b06c0b525289","4","4","4","0","Train","Validation","https://www.inven.co.kr/webzine/news/?news=86951"
"PM_8157fd224b72894be6fc","2000","김한수","Unknown","OriginalObserved2011","SEASON_1450f0d8a7dc0d1685b0","5","7","7","2","Train","Validation","https://www.inven.co.kr/webzine/news/?news=86951"
"PM_9aa75036abe1dfcddefa","2000","김현욱","Unknown","OriginalObserved2011","SEASON_9794179f227849bf2b6d","5","8","8","3","Train","Validation","https://www.inven.co.kr/webzine/news/?news=86951"
"PM_3f8ce4c2d9a17dc690fd","2000","노장진","Unknown","OriginalObserved2011","SEASON_80792c18599baa629054","5","8","8","3","Train","Validation","https://www.inven.co.kr/webzine/news/?news=86951"
"PM_98d35005b7a4c58693d6","2000","박동희","Unknown","OriginalObserved2011","SEASON_b1634cfbe12a7d05ec6e","4","5","5","1","Train","Validation","https://www.inven.co.kr/webzine/news/?news=86951"
"PM_aefaee02442ab0937690","2000","신동주","Unknown","OriginalObserved2011","SEASON_e97120b35242b8638f19","6","6","6","0","Train","Validation","https://www.inven.co.kr/webzine/news/?news=86951"
"PM_46ac647f94b99474e661","2000","이승엽","Unknown","OriginalObserved2011","SEASON_80346ff8b93d9e616884","8","8","10","2","Train","Validation","https://www.inven.co.kr/webzine/news/?news=86951"
"PM_5be29aa5a94bd96dc5a0","2000","이용훈","Unknown","OriginalObserved2011","SEASON_9e7c4736d59295fc822c","4","8","8","4","Train","Validation","https://www.inven.co.kr/webzine/news/?news=86951"
"PM_16b47419f532120b1e28","2000","임창용","Unknown","OriginalObserved2011","SEASON_c2e4fdcc414093fe7163","8","8","9","1","Train","Validation","https://www.inven.co.kr/webzine/news/?news=86951"
"PM_f8261274f866d230b32e","2000","정경배","Unknown","OriginalObserved2011","SEASON_df9bb0bdf58b63d7731b","5","7","8","3","Train","Validation","https://www.inven.co.kr/webzine/news/?news=86951"
"PM_2cb0f83e0fc6ae165aa3","2000","진갑용","Unknown","OriginalObserved2011","SEASON_ad8da5e705faa0fcfed7","6","6","6","0","Train","Validation","https://www.inven.co.kr/webzine/news/?news=86951"
"PM_1d4ba855498dc51f554f","2000","최창양","Unknown","OriginalObserved2011","SEASON_c3ff8cec8891602fc05b","3","6","5","2","Train","Validation","https://www.inven.co.kr/webzine/news/?news=86951"
"PM_faa341792ce4c433c986","2000","프랑코","Unknown","OriginalObserved2011","SEASON_dce749be97991282d802","8","8","8","0","Train","Validation","https://www.inven.co.kr/webzine/news/?news=86951"
"PM_163a099579002e359bd1","2000","김민범","Unknown","OriginalObserved2011","SEASON_34fbf921626d00b4f484","3","3","2","-1","Train","Train","https://www.inven.co.kr/webzine/news/?news=86966"
"PM_1730ebd27b25707aac04","2000","김수경","Unknown","OriginalObserved2011","SEASON_aa29b988d34a0e2be94e","8","9","9","1","Train","Train","https://www.inven.co.kr/webzine/news/?news=86966"
"PM_17a4eb4fb373a3b9a6f2","2000","마일영","Unknown","OriginalObserved2011","SEASON_64eb295f3e9b26e8ee2d","5","7","8","3","Train","Train","https://www.inven.co.kr/webzine/news/?news=86966"
"PM_7370e63220bc790e4ca5","2000","박경완","Unknown","OriginalObserved2011","SEASON_d5849a678cdf3e73fea2","9","8","8","-1","Train","Train","https://www.inven.co.kr/webzine/news/?news=86966"
"PM_5571defb3c4b4bc2c3e5","2000","박장희","Unknown","OriginalObserved2011","SEASON_5bd5cb39b3f420af67ab","6","8","8","2","Train","Train","https://www.inven.co.kr/webzine/news/?news=86966"
"PM_45f0b843f1c9fc387acf","2000","박재홍","Unknown","OriginalObserved2011","SEASON_c89518205f28e11cbfb4","10","8","10","0","Train","Train","https://www.inven.co.kr/webzine/news/?news=86966"
"PM_da0b742ec378785ba681","2000","박종호","Unknown","OriginalObserved2011","SEASON_66c9b73a5bc8702a0495","7","8","8","1","Train","Train","https://www.inven.co.kr/webzine/news/?news=86966"
"PM_6e8b24f3fd494aeb6bca","2000","박진만","Unknown","OriginalObserved2011","SEASON_4989ccdf73d3731a3adc","5","8","8","3","Train","Train","https://www.inven.co.kr/webzine/news/?news=86966"
"PM_99a754cdc35952d92749","2000","신철인","Unknown","OriginalObserved2011","SEASON_c0c541cd730fe468446f","5","8","7","2","Train","Train","https://www.inven.co.kr/webzine/news/?news=86966"
"PM_808bfc6fc3d12c5c7795","2000","심재학","Unknown","OriginalObserved2011","SEASON_c7c3d689db726df936d0","7","8","8","1","Train","Train","https://www.inven.co.kr/webzine/news/?news=86966"
"PM_bc9001f43a178b04334e","2000","위재영","Unknown","OriginalObserved2011","SEASON_1f8ca702da0ecd2de0e2","7","8","8","1","Train","Train","https://www.inven.co.kr/webzine/news/?news=86966"
"PM_ed747109b0ba26738554","2000","이명수","Unknown","OriginalObserved2011","SEASON_68d0fc93043f14c90b7b","4","5","6","2","Train","Train","https://www.inven.co.kr/webzine/news/?news=86966"
"PM_b0455aa4970aab4b7a51","2000","이숭용","Unknown","OriginalObserved2011","SEASON_1eae84707c32d7cccd2f","6","6","7","1","Train","Train","https://www.inven.co.kr/webzine/news/?news=86966"
"PM_45ef0be04c17afb40e22","2000","이용주","Unknown","OriginalObserved2011","SEASON_92333b3d190f4566d50e","1","1","1","0","Train","Train","https://www.inven.co.kr/webzine/news/?news=86966"
"PM_acd954dddd2c51f2be33","2000","임선동","Unknown","OriginalObserved2011","SEASON_6be12389ffebe4e1ecc9","10","9","9","-1","Train","Train","https://www.inven.co.kr/webzine/news/?news=86966"
"PM_efca5fc282777f984df5","2000","전준호","Unknown","OriginalObserved2011","SEASON_7fc302f6bbe0c0cd4937","8","6","6","-2","Train","Train","https://www.inven.co.kr/webzine/news/?news=86966"
"PM_6696a0d27529981e32a8","2000","전준호","Unknown","OriginalObserved2011","SEASON_cbeeec64660dbcf1900c","4","6","7","3","Train","Train","https://www.inven.co.kr/webzine/news/?news=86966"
"PM_5bad5305e89bbe1874fb","2000","정명원","Unknown","OriginalObserved2011","SEASON_e78f41c155ff5b260b91","5","6","7","2","Train","Train","https://www.inven.co.kr/webzine/news/?news=86966"
"PM_ebd1e18dc6665854c898","2000","정민태","Unknown","OriginalObserved2011","SEASON_258e0bde26771cbd353b","9","9","9","0","Train","Train","https://www.inven.co.kr/webzine/news/?news=86966"
"PM_e6515bd3a03de668ee4c","2000","조웅천","Unknown","OriginalObserved2011","SEASON_03403e0ff891540ac015","5","8","8","3","Train","Train","https://www.inven.co.kr/webzine/news/?news=86966"
"PM_028f3ac9351a9ffccced","2000","퀸란","Unknown","OriginalObserved2011","SEASON_88e3d29b3fb48683a5e2","8","7","8","0","Train","Train","https://www.inven.co.kr/webzine/news/?news=86966"
"PM_958286bf74e8c9759d3e","2001","갈베스","Unknown","OriginalObserved2011","SEASON_2e0da7f7deac7444912c","8","8","8","0","Train","Validation","https://www.inven.co.kr/webzine/news/?news=86951"
"PM_383129c2b7d7d26c0a3e","2001","강동우","Unknown","OriginalObserved2011","SEASON_c493f1f326b3e402e08b","5","6","6","1","Train","Validation","https://www.inven.co.kr/webzine/news/?news=86951"
"PM_c32f0826ded5a34eb0e5","2001","김승관","Unknown","OriginalObserved2011","SEASON_f7b8556d9c0922df857a","5","1","1","-4","Train","Validation","https://www.inven.co.kr/webzine/news/?news=86951"
"PM_88eb099ff3e10b91dd8e","2001","김진웅","Unknown","OriginalObserved2011","SEASON_98fac797b57248866b85","6","9","8","2","Train","Validation","https://www.inven.co.kr/webzine/news/?news=86951"
"PM_3664360c0013ab79808e","2001","김한수","Unknown","OriginalObserved2011","SEASON_8b9a6093e4520342cf10","6","8","8","2","Train","Validation","https://www.inven.co.kr/webzine/news/?news=86951"
"PM_b159834633883af58f5f","2001","김현욱","Unknown","OriginalObserved2011","SEASON_fdf031b7f518802eda49","5","8","8","3","Train","Validation","https://www.inven.co.kr/webzine/news/?news=86951"
"PM_28a7a33514c07ea7e158","2001","리베라","Unknown","OriginalObserved2011","SEASON_fc90e877bfd824d91451","5","7","7","2","Train","Validation","https://www.inven.co.kr/webzine/news/?news=86951"
"PM_a0bda570694e849dabf4","2001","마르티네스","Unknown","OriginalObserved2011","SEASON_aced194cd6f0c5761ea2","9","8","8","-1","Train","Validation","https://www.inven.co.kr/webzine/news/?news=86951"
"PM_f8c8f65d440571b3773a","2001","마해영","Unknown","OriginalObserved2011","SEASON_1ad742b6c12ee16086f8","7","8","10","3","Train","Validation","https://www.inven.co.kr/webzine/news/?news=86951"
"PM_98772b39af3351e577e3","2001","박정환","Unknown","OriginalObserved2011","SEASON_a8d3c19164bf5238bf20","4","5","5","1","Train","Validation","https://www.inven.co.kr/webzine/news/?news=86951"
"PM_0ac8c6b59a2f51386efb","2001","박한이","Unknown","OriginalObserved2011","SEASON_801c5bab0d7cb352fd79","7","8","8","1","Train","Validation","https://www.inven.co.kr/webzine/news/?news=86951"
"PM_c1a96326e385c9658a39","2001","배영수","Unknown","OriginalObserved2011","SEASON_8176bb78542fbd1bde08","8","8","9","1","Train","Validation","https://www.inven.co.kr/webzine/news/?news=86951"
"PM_934f78dbc665755ae1d8","2001","이승엽","Unknown","OriginalObserved2011","SEASON_e4c0e1c3cde54e6513f8","6","8","10","4","Train","Validation","https://www.inven.co.kr/webzine/news/?news=86951"
"PM_cda1a5b34bd7c14d8897","2001","이용훈","Unknown","OriginalObserved2011","SEASON_5cdd51691b4df8670cc7","4","6","6","2","Train","Validation","https://www.inven.co.kr/webzine/news/?news=86951"
"PM_779dc87257d7e41875e4","2001","이정호","Unknown","OriginalObserved2011","SEASON_54bf5d67353c22265771","3","2","3","0","Train","Validation","https://www.inven.co.kr/webzine/news/?news=86951"
"PM_5741bace70f0dae0b51b","2001","임창용","Unknown","OriginalObserved2011","SEASON_0f3477c189a96521619d","7","9","9","2","Train","Validation","https://www.inven.co.kr/webzine/news/?news=86951"
"PM_b8f0956fe80109d9559c","2001","전병호","Unknown","OriginalObserved2011","SEASON_1866ac0cb66ae64ae2d9","5","5","5","0","Train","Validation","https://www.inven.co.kr/webzine/news/?news=86951"
"PM_a0c3cdbe8984bfc1f343","2001","진갑용","Unknown","OriginalObserved2011","SEASON_c492ddab7beffd91680d","6","7","7","1","Train","Validation","https://www.inven.co.kr/webzine/news/?news=86951"
"PM_4bdd055a313248463223","2002","강동우","Unknown","OriginalObserved2011","SEASON_277ce16af9be308ef899","6","8","8","2","Holdout","Validation","https://www.inven.co.kr/webzine/news/?news=86951"
"PM_98a653d570c6d517966d","2002","강영식","Unknown","OriginalObserved2011","SEASON_94c37025b22acab73c2e","5","8","7","2","Holdout","Validation","https://www.inven.co.kr/webzine/news/?news=86951"
"PM_12e88d3b95faee7b8112","2002","김진웅","Unknown","OriginalObserved2011","SEASON_97a060d5ad8849b074a7","3","5","4","1","Holdout","Validation","https://www.inven.co.kr/webzine/news/?news=86951"
"PM_76aebecf8cfc935de5f9","2002","김한수","Unknown","OriginalObserved2011","SEASON_e3d989c19e496823f4ad","8","8","8","0","Holdout","Validation","https://www.inven.co.kr/webzine/news/?news=86951"
"PM_51e875db81aa08fe390a","2002","김현욱","Unknown","OriginalObserved2011","SEASON_0126ba4ceb6f318b89d6","5","8","8","3","Holdout","Validation","https://www.inven.co.kr/webzine/news/?news=86951"
"PM_c6ab37ebdd33aada6a2a","2002","노병오","Unknown","OriginalObserved2011","SEASON_230a6f5de84b58e2e911","4","6","6","2","Holdout","Validation","https://www.inven.co.kr/webzine/news/?news=86951"
"PM_8aa9fc7df81a4270251c","2002","노장진","Unknown","OriginalObserved2011","SEASON_00684aa538b81332618e","7","8","8","1","Holdout","Validation","https://www.inven.co.kr/webzine/news/?news=86951"
"PM_5cd3702db9a73a358d6d","2002","마해영","Unknown","OriginalObserved2011","SEASON_7e30f3b33843058c907e","7","10","10","3","Holdout","Validation","https://www.inven.co.kr/webzine/news/?news=86951"
"PM_c08639bcd1cd28367e4b","2002","박정환","Unknown","OriginalObserved2011","SEASON_a3bee29e8b88912d9f4e","5","6","6","1","Holdout","Validation","https://www.inven.co.kr/webzine/news/?news=86951"
"PM_e2c3278b111c6924fca5","2002","박한이","Unknown","OriginalObserved2011","SEASON_4d169fe5ef9fe8c59c74","6","8","8","2","Holdout","Validation","https://www.inven.co.kr/webzine/news/?news=86951"
"PM_a1f03a88c47dfa472810","2002","배영수","Unknown","OriginalObserved2011","SEASON_74de830caf2b77ec8122","4","6","5","1","Holdout","Validation","https://www.inven.co.kr/webzine/news/?news=86951"
"PM_d8269db0bfa0998f6115","2002","브리또","Unknown","OriginalObserved2011","SEASON_d2729593240c831a47f5","7","8","8","1","Holdout","Validation","https://www.inven.co.kr/webzine/news/?news=86951"
"PM_43ef8721642f98121a6b","2002","양준혁","Unknown","OriginalObserved2011","SEASON_a5cd38ed3b306293a25a","6","7","8","2","Holdout","Validation","https://www.inven.co.kr/webzine/news/?news=86951"
"PM_d110c53ac6f89a16adcc","2002","엘비라","Unknown","OriginalObserved2011","SEASON_fa400f892cea22e30b26","9","9","9","0","Holdout","Validation","https://www.inven.co.kr/webzine/news/?news=86951"
"PM_68942349cea654c5080c","2002","오상민","Unknown","OriginalObserved2011","SEASON_e4248cbf71a68e2bb8af","4","6","6","2","Holdout","Validation","https://www.inven.co.kr/webzine/news/?news=86951"
"PM_89abc4f9f17960a20f12","2002","이승엽","Unknown","OriginalObserved2011","SEASON_918e14795758d3099b02","9","10","10","1","Holdout","Validation","https://www.inven.co.kr/webzine/news/?news=86951"
"PM_1ae712aee3d2328c3249","2002","임창용","Unknown","OriginalObserved2011","SEASON_e7020b27da5c7b161842","8","9","10","2","Holdout","Validation","https://www.inven.co.kr/webzine/news/?news=86951"
"PM_129276bba438d3a67bbc","2002","전병호","Unknown","OriginalObserved2011","SEASON_7e1a7927486d1c18d68f","4","6","7","3","Holdout","Validation","https://www.inven.co.kr/webzine/news/?news=86951"
"PM_d62bd618264594a382c0","2002","진갑용","Unknown","OriginalObserved2011","SEASON_8f10912b02743d9a3f36","6","8","8","2","Holdout","Validation","https://www.inven.co.kr/webzine/news/?news=86951"
"PM_faac35ec03a34cb8fe8e","2002","현재윤","Unknown","OriginalObserved2011","SEASON_b576e3717e03521fc5c0","3","2","2","-1","Holdout","Validation","https://www.inven.co.kr/webzine/news/?news=86951"
"PM_3434f292f9472a0e7688","2003","강철민","Unknown","OriginalObserved2011","SEASON_ec9a6fd823d059a1aaf9","4","6","6","2","Train","Train","https://www.inven.co.kr/webzine/news/?news=86963"
"PM_5ae26082bbd8aded057a","2003","고우석","Unknown","OriginalObserved2011","SEASON_acb8bbbe1507920d5b08","4","6","6","2","Train","Train","https://www.inven.co.kr/webzine/news/?news=86963"
"PM_0dad8f426a415a06ea62","2003","김경언","Unknown","OriginalObserved2011","SEASON_c9deebfda2cb5700b5b0","5","6","6","1","Train","Train","https://www.inven.co.kr/webzine/news/?news=86963"
"PM_710fd033d66338e4ee8e","2003","김상훈","Unknown","OriginalObserved2011","SEASON_98267da483f83a7c3d21","5","7","7","2","Train","Train","https://www.inven.co.kr/webzine/news/?news=86963"
"PM_67757ad5c7ee5838f187","2003","김종국","Unknown","OriginalObserved2011","SEASON_ab7ec12cf7ba4cc54a60","6","8","8","2","Train","Train","https://www.inven.co.kr/webzine/news/?news=86963"
"PM_f96b443da27c085a7617","2003","김진우","Unknown","OriginalObserved2011","SEASON_cb5f616aa0c079d552b0","9","9","9","0","Train","Train","https://www.inven.co.kr/webzine/news/?news=86963"
"PM_cb820a3ae5d09c6f234c","2003","리오스","Unknown","OriginalObserved2011","SEASON_9ca8b206638f6a2b3232","7","9","9","2","Train","Train","https://www.inven.co.kr/webzine/news/?news=86963"
"PM_b018323ea1b63c63141b","2003","박재홍","Unknown","OriginalObserved2011","SEASON_2495081e02cec9600ed2","8","8","8","0","Train","Train","https://www.inven.co.kr/webzine/news/?news=86963"
"PM_f0d92945d79262501ffb","2003","서동욱","Unknown","OriginalObserved2011","SEASON_2445b5e7120a544deb21","3","2","2","-1","Train","Train","https://www.inven.co.kr/webzine/news/?news=86963"
"PM_c6db2a5c84d8e3956905","2003","신동주","Unknown","OriginalObserved2011","SEASON_5e313ef1fd5e734ff4d9","5","5","5","0","Train","Train","https://www.inven.co.kr/webzine/news/?news=86963"
"PM_e82ee00ce5867f6b6e0f","2003","신용운","Unknown","OriginalObserved2011","SEASON_be4dc14ae036d0380555","6","8","8","2","Train","Train","https://www.inven.co.kr/webzine/news/?news=86963"
"PM_c999c998d9dfaea9565d","2003","엄정대","Unknown","OriginalObserved2011","SEASON_e24bbfe0dc053c014de2","3","1","1","-2","Train","Train","https://www.inven.co.kr/webzine/news/?news=86963"
"PM_b6fc3051846a324c307a","2003","오철민","Unknown","OriginalObserved2011","SEASON_997c516b9ad9968c537b","6","5","5","-1","Train","Train","https://www.inven.co.kr/webzine/news/?news=86963"
"PM_97d1ee21e73b7ff6d00d","2003","이강철","Unknown","OriginalObserved2011","SEASON_0e4b32b4b66b8f08c6c7","7","8","8","1","Train","Train","https://www.inven.co.kr/webzine/news/?news=86963"
"PM_3b603a5a0df8517124ab","2003","이원식","Unknown","OriginalObserved2011","SEASON_9fedca0154834093b6d1","4","6","6","2","Train","Train","https://www.inven.co.kr/webzine/news/?news=86963"
"PM_06cfefe71989fb8cd45e","2003","이종범","Unknown","OriginalObserved2011","SEASON_a27ce2c42d4fe2e59101","9","8","10","1","Train","Train","https://www.inven.co.kr/webzine/news/?news=86963"
"PM_25b30e719e8f955a544b","2003","이현곤","Unknown","OriginalObserved2011","SEASON_51fc6d1dc3e58c08b510","5","6","6","1","Train","Train","https://www.inven.co.kr/webzine/news/?news=86963"
"PM_d319a9fa6fa399b9b319","2003","장성호","Unknown","OriginalObserved2011","SEASON_1f2da5bd0cbe610de287","9","9","10","1","Train","Train","https://www.inven.co.kr/webzine/news/?news=86963"
"PM_15a3cae95449b1fc0e82","2003","존슨","Unknown","OriginalObserved2011","SEASON_d8b0a72b09d2a47e16ae","6","7","8","2","Train","Train","https://www.inven.co.kr/webzine/news/?news=86963"
"PM_5f395ac2b38db9af5525","2003","진필중","Unknown","OriginalObserved2011","SEASON_9c642a0f4d8dabaffc1a","5","8","8","3","Train","Train","https://www.inven.co.kr/webzine/news/?news=86963"
"PM_81a25d522b6d0e4bb034","2003","최상덕","Unknown","OriginalObserved2011","SEASON_7af39ff741620bbaf23b","8","8","9","1","Train","Train","https://www.inven.co.kr/webzine/news/?news=86963"
"PM_58e64313d76b471d0808","2003","홍세완","Unknown","OriginalObserved2011","SEASON_e42adf530e5c4107b75c","8","8","8","0","Train","Train","https://www.inven.co.kr/webzine/news/?news=86963"
"PM_e20bd4adcf1810577812","2003","강동우","Unknown","OriginalObserved2011","SEASON_d265e67822785b9ffdf5","6","8","8","2","Train","Validation","https://www.inven.co.kr/webzine/news/?news=86951"
"PM_ed1a9f24fc64577ddfd1","2003","강영식","Unknown","OriginalObserved2011","SEASON_25d538266f09140077a6","4","5","5","1","Train","Validation","https://www.inven.co.kr/webzine/news/?news=86951"
"PM_ce8465753ee434cc4455","2003","권오준","Unknown","OriginalObserved2011","SEASON_a5e3b116a0aea5b998e1","4","4","5","1","Train","Validation","https://www.inven.co.kr/webzine/news/?news=86951"
"PM_73d094babc3f07533fcd","2003","김진웅","Unknown","OriginalObserved2011","SEASON_5eb4e04c427d4bf79574","5","8","8","3","Train","Validation","https://www.inven.co.kr/webzine/news/?news=86951"
"PM_588de7c770c6d26fd812","2003","김한수","Unknown","OriginalObserved2011","SEASON_96d98cbcd494e955308b","7","8","8","1","Train","Validation","https://www.inven.co.kr/webzine/news/?news=86951"
"PM_2bb3988985056e0666eb","2003","김현욱","Unknown","OriginalObserved2011","SEASON_213cfaab6bcac3b52d1d","6","8","8","2","Train","Validation","https://www.inven.co.kr/webzine/news/?news=86951"
"PM_9cfb0ae33c98eabf6368","2003","노장진","Unknown","OriginalObserved2011","SEASON_81e7c1c410601e1f3fa1","5","8","7","2","Train","Validation","https://www.inven.co.kr/webzine/news/?news=86951"
"PM_f3598630ddf1c2069d04","2003","라이언","Unknown","OriginalObserved2011","SEASON_d0c8ebc5761828ad1709","3","6","6","3","Train","Validation","https://www.inven.co.kr/webzine/news/?news=86951"
"PM_99c8425fd892970df0a2","2003","마해영","Unknown","OriginalObserved2011","SEASON_d9f9c61edb48de364dda","6","8","10","4","Train","Validation","https://www.inven.co.kr/webzine/news/?news=86951"
"PM_09066d02411e219bf9cb","2003","박정환","Unknown","OriginalObserved2011","SEASON_4184af85193b78e68cbe","4","4","4","0","Train","Validation","https://www.inven.co.kr/webzine/news/?news=86951"
"PM_e14d6e4d66d27dcce58d","2003","박한이","Unknown","OriginalObserved2011","SEASON_05c41e682b5c639243f8","8","8","8","0","Train","Validation","https://www.inven.co.kr/webzine/news/?news=86951"
"PM_9f774f78dbedaaf9ef66","2003","배영수","Unknown","OriginalObserved2011","SEASON_324f27f47350fb5e14dc","8","8","8","0","Train","Validation","https://www.inven.co.kr/webzine/news/?news=86951"
"PM_5d37d57bd34c5e736638","2003","브리또","Unknown","OriginalObserved2011","SEASON_3947d0f9218241a91616","6","7","8","2","Train","Validation","https://www.inven.co.kr/webzine/news/?news=86951"
"PM_54c5b05c7b76abae1706","2003","안지만","Unknown","OriginalObserved2011","SEASON_f482a25d34f42d5fff51","3","3","3","0","Train","Validation","https://www.inven.co.kr/webzine/news/?news=86951"
"PM_d14568a1d38c851646a5","2003","양준혁","Unknown","OriginalObserved2011","SEASON_25444f7e7c6c79527ee9","8","9","10","2","Train","Validation","https://www.inven.co.kr/webzine/news/?news=86951"
"PM_655ec022c96458f563c3","2003","오상민","Unknown","OriginalObserved2011","SEASON_289a5bad3996d00facd3","4","8","8","4","Train","Validation","https://www.inven.co.kr/webzine/news/?news=86951"
"PM_f1f48ebb7e1ce35c5328","2003","이승엽","EX","OriginalObserved2011","SEASON_c0dfdb46f86042e77f38","10","10","10","0","Train","Validation","https://www.inven.co.kr/webzine/news/?news=86951"
"PM_fff6be78dc56ed1e8157","2003","임창용","Unknown","OriginalObserved2011","SEASON_a7376d34f04bc321bbe3","7","9","9","2","Train","Validation","https://www.inven.co.kr/webzine/news/?news=86951"
"PM_1c3722dca67133b233a2","2003","전병호","Unknown","OriginalObserved2011","SEASON_64a6f734c1d943bc07e9","4","8","7","3","Train","Validation","https://www.inven.co.kr/webzine/news/?news=86951"
"PM_65fa3e34a71f79f9d29d","2003","진갑용","Unknown","OriginalObserved2011","SEASON_ec108b403cdf6f9fecdd","6","8","8","2","Train","Validation","https://www.inven.co.kr/webzine/news/?news=86951"
"PM_c597bd517136f717a021","2004","강동우","Unknown","OriginalObserved2011","SEASON_b0e826ac480b78e63e68","5","8","8","3","Holdout","Validation","https://www.inven.co.kr/webzine/news/?news=86951"
"PM_7312b8228ad9ccadf93f","2004","강영식","Unknown","OriginalObserved2011","SEASON_2dd6609f1e35d9d0c7a3","3","3","3","0","Holdout","Validation","https://www.inven.co.kr/webzine/news/?news=86951"
"PM_a3567cda07a3852a3189","2004","권오준","Unknown","OriginalObserved2011","SEASON_de3346a717f1705db29e","6","9","9","3","Holdout","Validation","https://www.inven.co.kr/webzine/news/?news=86951"
"PM_374782b561957f866510","2004","권혁","Unknown","OriginalObserved2011","SEASON_d56ee723e24164cb1545","4","7","7","3","Holdout","Validation","https://www.inven.co.kr/webzine/news/?news=86951"
"PM_ae48c2bea3c7480e2061","2004","김덕윤","Unknown","OriginalObserved2011","SEASON_f10623e18445c6fa3823","4","4","4","0","Holdout","Validation","https://www.inven.co.kr/webzine/news/?news=86951"
"PM_1588bb722e2750129dc2","2004","김종훈","Unknown","OriginalObserved2011","SEASON_293d0cc7ff380bec9a03","5","6","6","1","Holdout","Validation","https://www.inven.co.kr/webzine/news/?news=86951"
"PM_0d81f680ee443cc7354c","2004","김진웅","Unknown","OriginalObserved2011","SEASON_bb1ee5466714ceca2401","5","8","8","3","Holdout","Validation","https://www.inven.co.kr/webzine/news/?news=86951"
"PM_7d4ae0e37910690756a1","2004","김한수","Unknown","OriginalObserved2011","SEASON_c896110242f8a85b72dc","7","8","8","1","Holdout","Validation","https://www.inven.co.kr/webzine/news/?news=86951"
"PM_f2d1159dcf055d01ec83","2004","박석진","Unknown","OriginalObserved2011","SEASON_5629dc59444c4ea80040","4","8","8","4","Holdout","Validation","https://www.inven.co.kr/webzine/news/?news=86951"
"PM_c61dc79b480341a575dd","2004","박종호","Unknown","OriginalObserved2011","SEASON_2a2ce448f58e5a62154f","6","8","8","2","Holdout","Validation","https://www.inven.co.kr/webzine/news/?news=86951"
"PM_18fd1a5ceff96f41123d","2004","박한이","Unknown","OriginalObserved2011","SEASON_cd7b1629460b56a86a04","8","8","8","0","Holdout","Validation","https://www.inven.co.kr/webzine/news/?news=86951"
"PM_52b36ecbf5b2e086222b","2004","배영수","Unknown","OriginalObserved2011","SEASON_0387ab4800e711ec2951","8","9","9","1","Holdout","Validation","https://www.inven.co.kr/webzine/news/?news=86951"
"PM_6cb211f47dbbc61c15e6","2004","양준혁","Unknown","OriginalObserved2011","SEASON_3d223bd0ce6b4ad7f7cf","8","10","10","2","Holdout","Validation","https://www.inven.co.kr/webzine/news/?news=86951"
"PM_08dd35902794d07247fe","2004","오리어리","Unknown","OriginalObserved2011","SEASON_1c328a9baaf54cc4dc9a","4","6","6","2","Holdout","Validation","https://www.inven.co.kr/webzine/news/?news=86951"
"PM_b3ed21e7859a87f9c989","2004","오상민","Unknown","OriginalObserved2011","SEASON_74dbf4b4539545a24fae","5","5","6","1","Holdout","Validation","https://www.inven.co.kr/webzine/news/?news=86951"
"PM_7dff36cb69a9d94250fb","2004","임창용","Unknown","OriginalObserved2011","SEASON_f7fe11d2670658a1efc4","7","8","8","1","Holdout","Validation","https://www.inven.co.kr/webzine/news/?news=86951"
"PM_8c73ad4c71dbc8af8b43","2004","정현욱","Unknown","OriginalObserved2011","SEASON_b9a43af7bda69e9881d9","5","7","8","3","Holdout","Validation","https://www.inven.co.kr/webzine/news/?news=86951"
"PM_cabc6a988b1c9ad6a42c","2004","조동찬","Unknown","OriginalObserved2011","SEASON_9ef06641f1cd79b6e324","5","6","6","1","Holdout","Validation","https://www.inven.co.kr/webzine/news/?news=86951"
"PM_448adfbca60cdebda730","2004","진갑용","Unknown","OriginalObserved2011","SEASON_980172e8d815debf0a65","6","8","8","2","Holdout","Validation","https://www.inven.co.kr/webzine/news/?news=86951"
"PM_cd331fedfd78e40cd998","2004","호지스","Unknown","OriginalObserved2011","SEASON_aabe1b96da71994d466a","6","8","8","2","Holdout","Validation","https://www.inven.co.kr/webzine/news/?news=86951"
"PM_da6371524d2635084d7c","2005","강동우","Unknown","OriginalObserved2011","SEASON_d4b02a265e5060344eca","5","7","6","1","Train","Validation","https://www.inven.co.kr/webzine/news/?news=86951"
"PM_2e64771ef22844ec1179","2005","강영식","Unknown","OriginalObserved2011","SEASON_b4b4f20f63988c8d7f13","5","4","4","-1","Train","Validation","https://www.inven.co.kr/webzine/news/?news=86951"
"PM_2de216ce23f6b29783d9","2005","권오준","Unknown","OriginalObserved2011","SEASON_ea77a555e463ba1d4fbd","5","8","8","3","Train","Validation","https://www.inven.co.kr/webzine/news/?news=86951"
"PM_07a17967f2b2de6fb940","2005","김한수","Unknown","OriginalObserved2011","SEASON_1bf6ade5145ed2d93fc1","7","8","8","1","Train","Validation","https://www.inven.co.kr/webzine/news/?news=86951"
"PM_706488de47d2430489a8","2005","바르가스","Unknown","OriginalObserved2011","SEASON_ff9d9e4f4150dd82cbac","4","8","8","4","Train","Validation","https://www.inven.co.kr/webzine/news/?news=86951"
"PM_8834752a3372393b8476","2005","박석진","Unknown","OriginalObserved2011","SEASON_171b2dd63ec6b2405198","4","7","8","4","Train","Validation","https://www.inven.co.kr/webzine/news/?news=86951"
"PM_403cc033537017f9e194","2005","박종호","Unknown","OriginalObserved2011","SEASON_f2ce80c8e133b28a3f1a","5","8","7","2","Train","Validation","https://www.inven.co.kr/webzine/news/?news=86951"
"PM_ab63a06102533a77dad3","2005","박진만","Unknown","OriginalObserved2011","SEASON_b0323df47a846fefa8d5","6","6","6","0","Train","Validation","https://www.inven.co.kr/webzine/news/?news=86951"
"PM_92c3a7bd42500e90f13a","2005","박한이","Unknown","OriginalObserved2011","SEASON_2fe5228e5f69253491dd","8","8","8","0","Train","Validation","https://www.inven.co.kr/webzine/news/?news=86951"
"PM_5ac4f1870782cae92656","2005","배영수","Unknown","OriginalObserved2011","SEASON_d62dbfa2215126f71895","9","9","9","0","Train","Validation","https://www.inven.co.kr/webzine/news/?news=86951"
"PM_d2d0ee48423f503647c9","2005","심정수","Unknown","OriginalObserved2011","SEASON_ab61cb8ced6061ddf9d3","8","8","8","0","Train","Validation","https://www.inven.co.kr/webzine/news/?news=86951"
"PM_a56fdfc1e1bb15a216ba","2005","안지만","Unknown","OriginalObserved2011","SEASON_31883197fcf2e8aaba99","4","8","8","4","Train","Validation","https://www.inven.co.kr/webzine/news/?news=86951"
"PM_0d66d9e94f1d69c47641","2005","양준혁","Unknown","OriginalObserved2011","SEASON_3d1a9b81abc953c33e30","5","8","8","3","Train","Validation","https://www.inven.co.kr/webzine/news/?news=86951"
"PM_00967f427f85a315c66a","2005","오승환","Unknown","OriginalObserved2011","SEASON_f9580257315085a3b906","8","10","10","2","Train","Validation","https://www.inven.co.kr/webzine/news/?news=86951"
"PM_01f879934845ab73bef1","2005","임동규","Unknown","OriginalObserved2011","SEASON_8e916995a113f01238ec","5","7","7","2","Train","Validation","https://www.inven.co.kr/webzine/news/?news=86951"
"PM_a464aaf8de7f94d0428b","2005","전병호","Unknown","OriginalObserved2011","SEASON_54b146ecacc49631562b","4","8","8","4","Train","Validation","https://www.inven.co.kr/webzine/news/?news=86951"
"PM_8855588ee174e28fe466","2005","조동찬","Unknown","OriginalObserved2011","SEASON_e1361d8599c45a32d50e","7","8","8","1","Train","Validation","https://www.inven.co.kr/webzine/news/?news=86951"
"PM_78b8d25d46eb0d2b1e92","2005","진갑용","Unknown","OriginalObserved2011","SEASON_c5b5af224b3193569db1","6","8","7","1","Train","Validation","https://www.inven.co.kr/webzine/news/?news=86951"
"PM_0d397a2dcbbd4ea43326","2005","하리칼라","Unknown","OriginalObserved2011","SEASON_472d2cda68493925fe70","5","6","7","2","Train","Validation","https://www.inven.co.kr/webzine/news/?news=86951"
"PM_9face908beb294b4686c","2006","강봉규","Unknown","OriginalObserved2011","SEASON_678617e97a6427c98172","5","4","4","-1","Train","Validation","https://www.inven.co.kr/webzine/news/?news=86951"
"PM_fc8b325fd99f34eda619","2006","강영식","Unknown","OriginalObserved2011","SEASON_cbfd5f7b6f59afa4419d","4","5","4","0","Train","Validation","https://www.inven.co.kr/webzine/news/?news=86951"
"PM_82f8c338e1e77456aa81","2006","권오준","Unknown","OriginalObserved2011","SEASON_419c9403d9e5d9ca2f57","6","8","8","2","Train","Validation","https://www.inven.co.kr/webzine/news/?news=86951"
"PM_bca51906685dcd495b7c","2006","권혁","Unknown","OriginalObserved2011","SEASON_abdf7bee892bc9a6cfe9","4","2","2","-2","Train","Validation","https://www.inven.co.kr/webzine/news/?news=86951"
"PM_79a5512be0bfdd5917ae","2006","김창희","Unknown","OriginalObserved2011","SEASON_c220f547d91e3b85e89d","6","6","6","0","Train","Validation","https://www.inven.co.kr/webzine/news/?news=86951"
"PM_403dcc340c92bd8005ef","2006","김한수","Unknown","OriginalObserved2011","SEASON_1a5ba19b237637dc9577","6","7","7","1","Train","Validation","https://www.inven.co.kr/webzine/news/?news=86951"
"PM_eee5725c19311a3713e6","2006","박종호","Unknown","OriginalObserved2011","SEASON_18573002f7c4e9718402","5","6","5","0","Train","Validation","https://www.inven.co.kr/webzine/news/?news=86951"
"PM_ca590b2887203c13a7b0","2006","박진만","Unknown","OriginalObserved2011","SEASON_febe89e03104ad69824f","8","8","8","0","Train","Validation","https://www.inven.co.kr/webzine/news/?news=86951"
"PM_8441fbe1ece1dbc553a8","2006","박한이","Unknown","OriginalObserved2011","SEASON_299be85c7bc61ebc891f","7","8","8","1","Train","Validation","https://www.inven.co.kr/webzine/news/?news=86951"
"PM_8b0d9eb11b731d27c1c1","2006","배영수","Unknown","OriginalObserved2011","SEASON_e0c64dea796369fc0fd9","6","9","9","3","Train","Validation","https://www.inven.co.kr/webzine/news/?news=86951"
"PM_89e73ae37bf85123d2fa","2006","브라운","Unknown","OriginalObserved2011","SEASON_76f3fc80ce7b3047a6cf","8","9","9","1","Train","Validation","https://www.inven.co.kr/webzine/news/?news=86951"
"PM_ec1264d467caeb5b3951","2006","양준혁","Unknown","OriginalObserved2011","SEASON_46f6bb6ae5bb0497a249","8","10","10","2","Train","Validation","https://www.inven.co.kr/webzine/news/?news=86951"
"PM_119e7fdbecb8485013d9","2006","오상민","Unknown","OriginalObserved2011","SEASON_ee62d22cb48f243b89d2","4","5","5","1","Train","Validation","https://www.inven.co.kr/webzine/news/?news=86951"
"PM_2637ff29873d16c61efc","2006","오승환","Unknown","OriginalObserved2011","SEASON_6ebff894e4bd642b8878","9","10","8","-1","Train","Validation","https://www.inven.co.kr/webzine/news/?news=86951"
"PM_93ed0b50f609d87da1fa","2006","임동규","Unknown","OriginalObserved2011","SEASON_3c45362218df036637b8","5","8","8","3","Train","Validation","https://www.inven.co.kr/webzine/news/?news=86951"
"PM_c0e5718e44d46b38f381","2006","전병호","Unknown","OriginalObserved2011","SEASON_1cef670306f72ac80aec","4","8","8","4","Train","Validation","https://www.inven.co.kr/webzine/news/?news=86951"
"PM_16347770835a5a19c30e","2006","조동찬","Unknown","OriginalObserved2011","SEASON_54179d2bc3dd5469b80b","8","8","8","0","Train","Validation","https://www.inven.co.kr/webzine/news/?news=86951"
"PM_693fc5ff0ca8abcfa42a","2006","진갑용","Unknown","OriginalObserved2011","SEASON_1e70e5f251b175eaf466","7","8","8","1","Train","Validation","https://www.inven.co.kr/webzine/news/?news=86951"
"PM_41fce5eb2dda1dc69ac9","2006","하리칼라","Unknown","OriginalObserved2011","SEASON_8b544019838d09404edd","7","8","9","2","Train","Validation","https://www.inven.co.kr/webzine/news/?news=86951"
"PM_8ec92e6c24f0a7f43b37","2007","강봉규","Unknown","OriginalObserved2011","SEASON_0f8153ad8b0fe026ffe0","5","5","5","0","Train","Validation","https://www.inven.co.kr/webzine/news/?news=86951"
"PM_081c99848913d4d8f946","2007","권오준","Unknown","OriginalObserved2011","SEASON_a4d9a90189f24618163e","6","6","6","0","Train","Validation","https://www.inven.co.kr/webzine/news/?news=86951"
"PM_b6f3de00924a50c63b3b","2007","권혁","Unknown","OriginalObserved2011","SEASON_0fb36edc50465e02e3da","7","8","8","1","Train","Validation","https://www.inven.co.kr/webzine/news/?news=86951"
"PM_002dcf1b4c975a575c90","2007","김재걸","Unknown","OriginalObserved2011","SEASON_a7c0fdf4c014f2257225","5","6","6","1","Train","Validation","https://www.inven.co.kr/webzine/news/?news=86951"
"PM_f52f8a429cdae63cc854","2007","김창희","Unknown","OriginalObserved2011","SEASON_a1ef00de112629c1a729","4","5","5","1","Train","Validation","https://www.inven.co.kr/webzine/news/?news=86951"
"PM_9b7b9c55ab54f4bc976e","2007","매존","Unknown","OriginalObserved2011","SEASON_c0dcd4f238ce3db34579","6","8","8","2","Train","Validation","https://www.inven.co.kr/webzine/news/?news=86951"
"PM_9e6f999e48a0d7d6e33b","2007","박진만","Unknown","OriginalObserved2011","SEASON_6b1d05ff9015dd38628d","8","8","8","0","Train","Validation","https://www.inven.co.kr/webzine/news/?news=86951"
"PM_a8c205b0a3a39a41c33e","2007","박한이","Unknown","OriginalObserved2011","SEASON_a15309ee08c02aba918f","6","8","7","1","Train","Validation","https://www.inven.co.kr/webzine/news/?news=86951"
"PM_4851e163e0abf96cc640","2007","브라운","Unknown","OriginalObserved2011","SEASON_6fd13779db07008dba52","6","9","9","3","Train","Validation","https://www.inven.co.kr/webzine/news/?news=86951"
"PM_5311db2b688fdb5ae77d","2007","신명철","Unknown","OriginalObserved2011","SEASON_bf79a1c64235869fc784","6","7","7","1","Train","Validation","https://www.inven.co.kr/webzine/news/?news=86951"
"PM_4b0babf022933132b9e6","2007","심정수","Unknown","OriginalObserved2011","SEASON_a2050fe34182caf3dd7d","10","8","8","-2","Train","Validation","https://www.inven.co.kr/webzine/news/?news=86951"
"PM_fd766a7bcfe7d48dd238","2007","안지만","Unknown","OriginalObserved2011","SEASON_5c27696dbc8a667cf442","5","8","8","3","Train","Validation","https://www.inven.co.kr/webzine/news/?news=86951"
"PM_414e1a834612745549e0","2007","양준혁","Unknown","OriginalObserved2011","SEASON_29539133e56e4d8bee4b","8","10","10","2","Train","Validation","https://www.inven.co.kr/webzine/news/?news=86951"
"PM_4bce736d0044a7e0d0b3","2007","오승환","Unknown","OriginalObserved2011","SEASON_9967868f2c9e3e512e3c","8","8","8","0","Train","Validation","https://www.inven.co.kr/webzine/news/?news=86951"
"PM_893169ed86b0d412110a","2007","윤성환","Unknown","OriginalObserved2011","SEASON_6654da9087f23551496b","4","7","7","3","Train","Validation","https://www.inven.co.kr/webzine/news/?news=86951"
"PM_d0b82ff999ee23d7dd40","2007","임창용","Unknown","OriginalObserved2011","SEASON_5d46e8d59cd440fdb711","5","8","8","3","Train","Validation","https://www.inven.co.kr/webzine/news/?news=86951"
"PM_0341a51987983d1ffc5e","2007","전병호","Unknown","OriginalObserved2011","SEASON_48f838bc0bfe075fc27f","5","8","8","3","Train","Validation","https://www.inven.co.kr/webzine/news/?news=86951"
"PM_6dbd9f9096e72946594f","2007","조현근","Unknown","OriginalObserved2011","SEASON_a68a9daeaf04cdf78fd2","4","7","7","3","Train","Validation","https://www.inven.co.kr/webzine/news/?news=86951"
"PM_786e85f3f53a4bc77c57","2007","진갑용","Unknown","OriginalObserved2011","SEASON_fe1fdc53e12d8dd734f0","4","7","7","3","Train","Validation","https://www.inven.co.kr/webzine/news/?news=86951"
"PM_fe610b749f0da7854485","2007","차우찬","Unknown","OriginalObserved2011","SEASON_5c1cb53b46cea9d37ff8","4","4","4","0","Train","Validation","https://www.inven.co.kr/webzine/news/?news=86951"
"PM_d62af266dc16826a5689","2007","채태인","Rare","OriginalObserved2011","SEASON_5d08e2f0971c9c13f0b0","4","3","3","-1","Train","Validation","https://www.inven.co.kr/webzine/news/?news=86951"
"PM_ad5610eca292368511fe","2007","고동진","Unknown","OriginalObserved2011","SEASON_8bba9a2e09711ed3121a","5","7","7","2","Train","Validation","https://www.inven.co.kr/webzine/news/?news=86963"
"PM_86f69d2401c1b4d076b7","2007","구대성","Unknown","OriginalObserved2011","SEASON_b61e374603ffa6670879","6","6","6","0","Train","Validation","https://www.inven.co.kr/webzine/news/?news=86963"
"PM_4ee981f1c908cb26de0c","2007","권준헌","Unknown","OriginalObserved2011","SEASON_284324d250682f31fd68","5","5","6","1","Train","Validation","https://www.inven.co.kr/webzine/news/?news=86963"
"PM_b320f6a1bf3e644f1791","2007","김민재","Unknown","OriginalObserved2011","SEASON_3c31943d324d8999b474","6","7","7","1","Train","Validation","https://www.inven.co.kr/webzine/news/?news=86963"
"PM_35355cfc2cdcfc2c7670","2007","김태균","Unknown","OriginalObserved2011","SEASON_9a10b527cb5172f03444","8","8","8","0","Train","Validation","https://www.inven.co.kr/webzine/news/?news=86963"
"PM_51dd31bf72b9122575f0","2007","김태완","Unknown","OriginalObserved2011","SEASON_dde2dc521e77a85f6303","4","4","4","0","Train","Validation","https://www.inven.co.kr/webzine/news/?news=86963"
"PM_079ef10bae2136542cd2","2007","류현진","Unknown","OriginalObserved2011","SEASON_867525122896d731b248","10","9","9","-1","Train","Validation","https://www.inven.co.kr/webzine/news/?news=86963"
"PM_21018288dd129dd8ceb7","2007","문동환","Unknown","OriginalObserved2011","SEASON_1a483e3f29edd6f4eaea","6","7","8","2","Train","Validation","https://www.inven.co.kr/webzine/news/?news=86963"
"PM_197da843846141dac5cc","2007","세드릭","Unknown","OriginalObserved2011","SEASON_d5f18fc18e005420a212","7","8","8","1","Train","Validation","https://www.inven.co.kr/webzine/news/?news=86963"
"PM_c00afc639834eaa60645","2007","송진우","Unknown","OriginalObserved2011","SEASON_063baef08221fa0de611","5","5","5","0","Train","Validation","https://www.inven.co.kr/webzine/news/?news=86963"
"PM_5349db76fd9a3ec3d3a8","2007","신경현","Unknown","OriginalObserved2011","SEASON_766ffda1c2f499edd31d","5","5","5","0","Train","Validation","https://www.inven.co.kr/webzine/news/?news=86963"
"PM_021224a6c9a652400a79","2007","안영명","Unknown","OriginalObserved2011","SEASON_0c90b8688629a9d299ff","5","8","8","3","Train","Validation","https://www.inven.co.kr/webzine/news/?news=86963"
"PM_3a860cec3efdda56d285","2007","양훈","Unknown","OriginalObserved2011","SEASON_5d5b443e1f81a97ff11e","4","6","7","3","Train","Validation","https://www.inven.co.kr/webzine/news/?news=86963"
"PM_d83ea5492df91e3dfff4","2007","이범호","Unknown","OriginalObserved2011","SEASON_33b82961423a117e34bd","8","8","8","0","Train","Validation","https://www.inven.co.kr/webzine/news/?news=86963"
"PM_65ec2b32e1f690fc389d","2007","정민철","Unknown","OriginalObserved2011","SEASON_aa1e75fd8f1e8ba92fc0","9","9","9","0","Train","Validation","https://www.inven.co.kr/webzine/news/?news=86963"
"PM_6eed14bbb744602d3a21","2007","정민혁","Unknown","OriginalObserved2011","SEASON_330ff1047130e2f3df9c","4","4","4","0","Train","Validation","https://www.inven.co.kr/webzine/news/?news=86963"
"PM_46d6704177ebd25d747b","2007","조성민","Unknown","OriginalObserved2011","SEASON_1cd190b0d0e7619a7eaf","4","5","5","1","Train","Validation","https://www.inven.co.kr/webzine/news/?news=86963"
"PM_1f32893ae1361e13691a","2007","조원우","Unknown","OriginalObserved2011","SEASON_61d2e2f0dbd2aa4925d9","5","6","6","1","Train","Validation","https://www.inven.co.kr/webzine/news/?news=86963"
"PM_8a81597219dbe3fd797c","2007","크루즈","Unknown","OriginalObserved2011","SEASON_97f75b5f81f6a1b561f6","8","8","10","2","Train","Validation","https://www.inven.co.kr/webzine/news/?news=86963"
"PM_b5100756232ee88dc87d","2007","한상훈","Unknown","OriginalObserved2011","SEASON_bcfcd630bb7d464d38cd","5","6","6","1","Train","Validation","https://www.inven.co.kr/webzine/news/?news=86963"
"PM_87a71943fd1457a47dd3","2008","가르시아","Unknown","OriginalObserved2011","SEASON_217b8a1ecc3450b3ba4f","9","8","9","0","Train","Train","https://www.inven.co.kr/webzine/news/?news=86963"
"PM_154adb7d70fdaf5670cc","2008","강민호","Unknown","OriginalObserved2011","SEASON_7ac6c817e513a2d07054","8","8","8","0","Train","Train","https://www.inven.co.kr/webzine/news/?news=86963"
"PM_1f60c8586cb69c4dfc8c","2008","강영식","Unknown","OriginalObserved2011","SEASON_6dbb9ddaf126a8744c64","7","7","7","0","Train","Train","https://www.inven.co.kr/webzine/news/?news=86963"
"PM_24ffa92142c266e69da8","2008","김주찬","Unknown","OriginalObserved2011","SEASON_c79706cc32ac3770a8d1","7","8","8","1","Train","Train","https://www.inven.co.kr/webzine/news/?news=86963"
"PM_c439dceaecd70d40ff4b","2008","나승현","Unknown","OriginalObserved2011","SEASON_8f1a3a99191012fa1199","5","5","5","0","Train","Train","https://www.inven.co.kr/webzine/news/?news=86963"
"PM_47078112947ae1b82445","2008","매클레리","Unknown","OriginalObserved2011","SEASON_d5b4e1681be8ba03405c","5","7","8","3","Train","Train","https://www.inven.co.kr/webzine/news/?news=86963"
"PM_eb00848116c47f50e94e","2008","박기혁","Unknown","OriginalObserved2011","SEASON_8190510f9ef529cac868","7","7","7","0","Train","Train","https://www.inven.co.kr/webzine/news/?news=86963"
"PM_3dd2415616494c0426a3","2008","박현승","Unknown","OriginalObserved2011","SEASON_f3b07255a4e0e043a881","5","5","4","-1","Train","Train","https://www.inven.co.kr/webzine/news/?news=86963"
"PM_a64eaec828d41deca082","2008","배장호","Unknown","OriginalObserved2011","SEASON_8dba8b965f0107b9a4bb","5","5","5","0","Train","Train","https://www.inven.co.kr/webzine/news/?news=86963"
"PM_7b06ab9530c0e8356258","2008","손민한","Unknown","OriginalObserved2011","SEASON_bca3ee27574cec206644","10","9","9","-1","Train","Train","https://www.inven.co.kr/webzine/news/?news=86963"
"PM_3d678dbdf356c49d79bf","2008","송승준","Unknown","OriginalObserved2011","SEASON_7cfe1355b7833f2cf7f2","8","8","8","0","Train","Train","https://www.inven.co.kr/webzine/news/?news=86963"
"PM_066b0a4f3b4bb609017a","2008","이대호","Unknown","OriginalObserved2011","SEASON_4be24f46543169a8de2f","6","8","8","2","Train","Train","https://www.inven.co.kr/webzine/news/?news=86963"
"PM_94b401905fd6451dd9f4","2008","이용훈","Unknown","OriginalObserved2011","SEASON_02647ce4ab18bc850427","5","8","8","3","Train","Train","https://www.inven.co.kr/webzine/news/?news=86963"
"PM_b183fa582798d92f64da","2008","이인구","Unknown","OriginalObserved2011","SEASON_34020610fedfa0cfd95d","5","5","5","0","Train","Train","https://www.inven.co.kr/webzine/news/?news=86963"
"PM_1c74c3f3d9930f001add","2008","임경완","Unknown","OriginalObserved2011","SEASON_f6e371e7edf95478ca79","6","5","5","-1","Train","Train","https://www.inven.co.kr/webzine/news/?news=86963"
"PM_c46bc31b73bf4021d8c0","2008","장원준","Unknown","OriginalObserved2011","SEASON_4045c09c6f71ad1343f8","8","9","9","1","Train","Train","https://www.inven.co.kr/webzine/news/?news=86963"
"PM_6562066b5a32259834ad","2008","정수근","Unknown","OriginalObserved2011","SEASON_7f9e5ae49db9e9fd8342","6","7","6","0","Train","Train","https://www.inven.co.kr/webzine/news/?news=86963"
"PM_da6c9c6cf20f4aa51fa0","2008","조성환","Unknown","OriginalObserved2011","SEASON_c37bb543b1985bda8d35","10","8","9","-1","Train","Train","https://www.inven.co.kr/webzine/news/?news=86963"
"PM_06bf322feee3944b0181","2008","조정훈","Unknown","OriginalObserved2011","SEASON_b5aa8f1c84d0aba7c86a","7","8","8","1","Train","Train","https://www.inven.co.kr/webzine/news/?news=86963"
"PM_00b7f5cec8cbfe98ea71","2008","최향남","Unknown","OriginalObserved2011","SEASON_a91d5084f8f2c76fbd53","6","7","6","0","Train","Train","https://www.inven.co.kr/webzine/news/?news=86963"
"PM_d0347e988a872519eeac","2008","강봉규","Unknown","OriginalObserved2011","SEASON_bbb2f0d496a5a9164939","5","5","5","0","Train","Validation","https://www.inven.co.kr/webzine/news/?news=86951"
"PM_0663eed4db70d3c74bba","2008","권오원","Unknown","OriginalObserved2011","SEASON_ce53e4b87e42e6de9e93","5","6","6","1","Train","Validation","https://www.inven.co.kr/webzine/news/?news=86951"
"PM_ba46a8c861fca7b19764","2008","권혁","Unknown","OriginalObserved2011","SEASON_620c907826f9a661ecdb","8","7","7","-1","Train","Validation","https://www.inven.co.kr/webzine/news/?news=86951"
"PM_dee9f5d68e904f697c45","2008","박석민","Unknown","OriginalObserved2011","SEASON_845ffd623c41911232f9","7","8","8","1","Train","Validation","https://www.inven.co.kr/webzine/news/?news=86951"
"PM_3e6f03bee0fcbc2a3152","2008","박진만","Unknown","OriginalObserved2011","SEASON_f581dba64a186a723fed","6","7","7","1","Train","Validation","https://www.inven.co.kr/webzine/news/?news=86951"
"PM_d0025651b3faf97ca8ba","2008","박한이","Unknown","OriginalObserved2011","SEASON_7df387f3d23df5b82319","6","8","8","2","Train","Validation","https://www.inven.co.kr/webzine/news/?news=86951"
"PM_192da6442d9b85943cae","2008","배영수","Unknown","OriginalObserved2011","SEASON_eea879f2ab9498cf18bb","5","8","8","3","Train","Validation","https://www.inven.co.kr/webzine/news/?news=86951"
"PM_7ba492cdd3a3c5d5d988","2008","신명철","Unknown","OriginalObserved2011","SEASON_5f651b8c831132f2beb3","5","5","4","-1","Train","Validation","https://www.inven.co.kr/webzine/news/?news=86951"
"PM_b97819d369cf418f5958","2008","안지만","Unknown","OriginalObserved2011","SEASON_2197080276f75c6b6f0d","5","8","8","3","Train","Validation","https://www.inven.co.kr/webzine/news/?news=86951"
"PM_54a99a6ad3f01db18345","2008","양준혁","Unknown","OriginalObserved2011","SEASON_3139c4beeb1e031c36af","5","8","8","3","Train","Validation","https://www.inven.co.kr/webzine/news/?news=86951"
"PM_9981f9ae21c8158fa462","2008","오버뮬러","Unknown","OriginalObserved2011","SEASON_6cc5efe83a622b8cf4aa","4","7","6","2","Train","Validation","https://www.inven.co.kr/webzine/news/?news=86951"
"PM_4846ac1f1feec3f0936f","2008","오승환","Unknown","OriginalObserved2011","SEASON_0d96e6b3794326b79a2b","8","8","8","0","Train","Validation","https://www.inven.co.kr/webzine/news/?news=86951"
"PM_0a4a6bc00ee3d020200e","2008","윤성환","Unknown","OriginalObserved2011","SEASON_1135be011cfd66efd45a","7","8","8","1","Train","Validation","https://www.inven.co.kr/webzine/news/?news=86951"
"PM_87ddb3d31b32b1e4f884","2008","이상목","Unknown","OriginalObserved2011","SEASON_4cd754b98b67d3ed2a00","5","8","8","3","Train","Validation","https://www.inven.co.kr/webzine/news/?news=86951"
"PM_44b33222e69734f7c461","2008","이영욱","Unknown","OriginalObserved2011","SEASON_6f62645b73d4eb375a3a","2","1","1","-1","Train","Validation","https://www.inven.co.kr/webzine/news/?news=86951"
"PM_2a0e1f3da6f2e6e7dc59","2008","전병호","Unknown","OriginalObserved2011","SEASON_55a367bf24f0742e3899","5","6","7","2","Train","Validation","https://www.inven.co.kr/webzine/news/?news=86951"
"PM_3ff38840a5feb70b4014","2008","정현욱","Unknown","OriginalObserved2011","SEASON_f5f9f799880ca70d8f7c","8","8","8","0","Train","Validation","https://www.inven.co.kr/webzine/news/?news=86951"
"PM_3b8efd21a0372afcfea9","2008","조현근","Unknown","OriginalObserved2011","SEASON_201bb9925d07be6b5dc5","5","5","6","1","Train","Validation","https://www.inven.co.kr/webzine/news/?news=86951"
"PM_ed9a6b140991b67fce90","2008","진갑용","Unknown","OriginalObserved2011","SEASON_8dab8110f6186260f3f0","8","7","7","-1","Train","Validation","https://www.inven.co.kr/webzine/news/?news=86951"
"PM_ad4c64e9cacd0dfe2bd5","2008","채태인","Unknown","OriginalObserved2011","SEASON_0acdff2f582e6f7f43e4","6","6","6","0","Train","Validation","https://www.inven.co.kr/webzine/news/?news=86951"
"PM_1e5bbffde52e71283a33","2008","최형우","Unknown","OriginalObserved2011","SEASON_6d70b16bad01251381b0","8","8","8","0","Train","Validation","https://www.inven.co.kr/webzine/news/?news=86951"
"PM_6960de5fc2a2c0732051","2008","구대성","Unknown","OriginalObserved2011","SEASON_019d1ebd4778aaa1ce9a","6","6","6","0","Train","Validation","https://www.inven.co.kr/webzine/news/?news=86963"
"PM_f05c7ffa6df90725eb58","2008","김민재","Unknown","OriginalObserved2011","SEASON_b902f13d8bf0fe54b80a","7","6","6","-1","Train","Validation","https://www.inven.co.kr/webzine/news/?news=86963"
"PM_0ee82e50f13deb2a1fba","2008","김태균","Unknown","OriginalObserved2011","SEASON_c304670e868684a42a12","10","10","10","0","Train","Validation","https://www.inven.co.kr/webzine/news/?news=86963"
"PM_769c61580a84003a4aa4","2008","김태완","Unknown","OriginalObserved2011","SEASON_be784f13ddb626ee66fb","6","8","8","2","Train","Validation","https://www.inven.co.kr/webzine/news/?news=86963"
"PM_275615c650d29d06d2af","2008","김혁민","Unknown","OriginalObserved2011","SEASON_240783e9e4cd006b1cee","6","6","6","0","Train","Validation","https://www.inven.co.kr/webzine/news/?news=86963"
"PM_cc3aa3ff413405f735c3","2008","류현진","Unknown","OriginalObserved2011","SEASON_9d6cdd778dfa2fbbf0ee","9","9","9","0","Train","Validation","https://www.inven.co.kr/webzine/news/?news=86963"
"PM_577e8757742815f95320","2008","마정길","Unknown","OriginalObserved2011","SEASON_d8e72cc739ca83422a92","5","8","8","3","Train","Validation","https://www.inven.co.kr/webzine/news/?news=86963"
"PM_b6505ab9b79f06877bd0","2008","송진우","Unknown","OriginalObserved2011","SEASON_67d6ca1460a430f7b3de","5","8","8","3","Train","Validation","https://www.inven.co.kr/webzine/news/?news=86963"
"PM_8e71a0968b3840aac198","2008","신경현","Unknown","OriginalObserved2011","SEASON_6950b91bff1e4e8fa73e","6","6","6","0","Train","Validation","https://www.inven.co.kr/webzine/news/?news=86963"
"PM_ee4567967eb791323590","2008","양훈","Unknown","OriginalObserved2011","SEASON_4cb0db274427e788cc5b","4","5","4","0","Train","Validation","https://www.inven.co.kr/webzine/news/?news=86963"
"PM_3ca1209fa2c10e5c3e25","2008","유원상","Unknown","OriginalObserved2011","SEASON_2987ea2dbd697fb54cc0","5","8","8","3","Train","Validation","https://www.inven.co.kr/webzine/news/?news=86963"
"PM_022858dddba91ffd2323","2008","윤규진","Unknown","OriginalObserved2011","SEASON_eb5d17a593dd8a406893","5","7","7","2","Train","Validation","https://www.inven.co.kr/webzine/news/?news=86963"
"PM_827f3a6c61e57a8cb4ab","2008","이범호","Unknown","OriginalObserved2011","SEASON_37b01af7b1171a9a293a","8","8","8","0","Train","Validation","https://www.inven.co.kr/webzine/news/?news=86963"
"PM_34dbf8697ea259445ee8","2008","이여상","Unknown","OriginalObserved2011","SEASON_5a36cf9762ceee3cbd66","5","4","4","-1","Train","Validation","https://www.inven.co.kr/webzine/news/?news=86963"
"PM_4613df001594d379bbe3","2008","이영우","Unknown","OriginalObserved2011","SEASON_3e3ca1ea571cf87a74a7","5","6","6","1","Train","Validation","https://www.inven.co.kr/webzine/news/?news=86963"
"PM_e479bf0adeb57d089b86","2008","정민철","Unknown","OriginalObserved2011","SEASON_02d95216e9c203a775b2","5","8","8","3","Train","Validation","https://www.inven.co.kr/webzine/news/?news=86963"
"PM_e37770386c27ba76ec34","2008","최영필","Unknown","OriginalObserved2011","SEASON_9f496c79149973d5ba4d","5","7","7","2","Train","Validation","https://www.inven.co.kr/webzine/news/?news=86963"
"PM_dd0cc5cd98cdaf3491fb","2008","추승우","Unknown","OriginalObserved2011","SEASON_d70a2113dc44495df18a","5","6","6","1","Train","Validation","https://www.inven.co.kr/webzine/news/?news=86963"
"PM_3ac1aa8b37689ed64b5b","2008","클락","Unknown","OriginalObserved2011","SEASON_23623db4e5212ffc0192","9","8","8","-1","Train","Validation","https://www.inven.co.kr/webzine/news/?news=86963"
"PM_74c02f0de54357934723","2008","토마스","Unknown","OriginalObserved2011","SEASON_f0338a8ea045211aafce","7","8","8","1","Train","Validation","https://www.inven.co.kr/webzine/news/?news=86963"
"PM_15f02847eb6953ca2101","2009","곽정철","Unknown","OriginalObserved2011","SEASON_92cbae57bdbe8975119e","6","8","8","2","Validation","Train","https://www.inven.co.kr/webzine/news/?news=86963"
"PM_a379c41d7366f38126be","2009","구톰슨","Unknown","OriginalObserved2011","SEASON_a8abeabe94053def6e0e","9","9","9","0","Validation","Train","https://www.inven.co.kr/webzine/news/?news=86963"
"PM_e4c6efb0d9031c5ffe70","2009","김상현","Unknown","OriginalObserved2011","SEASON_00ef3d02da61fdb00197","8","8","8","0","Validation","Train","https://www.inven.co.kr/webzine/news/?news=86963"
"PM_61164654e24ed5c8441f","2009","김상훈","Unknown","OriginalObserved2011","SEASON_0128622f055967ce74cd","6","6","6","0","Validation","Train","https://www.inven.co.kr/webzine/news/?news=86963"
"PM_821238baa9dd09ae72c3","2009","김원섭","Unknown","OriginalObserved2011","SEASON_7ad883460ff3bd135324","9","8","8","-1","Validation","Train","https://www.inven.co.kr/webzine/news/?news=86963"
"PM_85b815f9345296be726c","2009","나지완","Unknown","OriginalObserved2011","SEASON_133f80a1ff3208dbe62c","6","8","8","2","Validation","Train","https://www.inven.co.kr/webzine/news/?news=86963"
"PM_60c687b8549a40ae8bc2","2009","로페즈","EX","OriginalObserved2011","SEASON_79da748e03d7b2b29240","10","9","10","0","Validation","Train","https://www.inven.co.kr/webzine/news/?news=86963"
"PM_8a69eb2b60bb29aaa22d","2009","박경태","Unknown","OriginalObserved2011","SEASON_19a40b21857fac9cf12d","5","5","5","0","Validation","Train","https://www.inven.co.kr/webzine/news/?news=86963"
"PM_8cf9f9009b3839070290","2009","서재응","Unknown","OriginalObserved2011","SEASON_af82188611e3b9078d38","5","7","6","1","Validation","Train","https://www.inven.co.kr/webzine/news/?news=86963"
"PM_d4e99cba319737fce603","2009","손영민","Unknown","OriginalObserved2011","SEASON_cb12c0df898e46441624","7","8","8","1","Validation","Train","https://www.inven.co.kr/webzine/news/?news=86963"
"PM_24b57473d8ae6d91f826","2009","안치홍","Unknown","OriginalObserved2011","SEASON_d50558cd49d46f56c2ac","5","6","6","1","Validation","Train","https://www.inven.co.kr/webzine/news/?news=86963"
"PM_1c727c21724be9f52daa","2009","양현종","Unknown","OriginalObserved2011","SEASON_3dbb0cb4514b29f925aa","8","9","9","1","Validation","Train","https://www.inven.co.kr/webzine/news/?news=86963"
"PM_4486501c2065e95166ba","2009","오준형","Unknown","OriginalObserved2011","SEASON_01aa9d111cd7bb38cf1b","5","5","5","0","Validation","Train","https://www.inven.co.kr/webzine/news/?news=86963"
"PM_d373eb8215dd0da1dda2","2009","유동훈","Unknown","OriginalObserved2011","SEASON_da6b6e06a6b0c79fd533","8","8","8","0","Validation","Train","https://www.inven.co.kr/webzine/news/?news=86963"
"PM_3f963a7e9f046b10fcdd","2009","윤석민","Unknown","OriginalObserved2011","SEASON_df0100b5a7e9c22404d7","8","8","8","0","Validation","Train","https://www.inven.co.kr/webzine/news/?news=86963"
"PM_9e7c8ed7f68a4385b2e3","2009","이종범","Unknown","OriginalObserved2011","SEASON_b80b36e68b343371d09b","7","7","7","0","Validation","Train","https://www.inven.co.kr/webzine/news/?news=86963"
"PM_322cb10c3d071e6e74ad","2009","이현곤","Unknown","OriginalObserved2011","SEASON_80d4bca9abfd1525ef51","6","6","6","0","Validation","Train","https://www.inven.co.kr/webzine/news/?news=86963"
"PM_a02b411f4e63c6dd09b5","2009","장성호","Unknown","OriginalObserved2011","SEASON_e3a4b8162053a9461e03","6","6","6","0","Validation","Train","https://www.inven.co.kr/webzine/news/?news=86963"
"PM_fa56d0c8a3f2f1b57ac3","2009","최희섭","Unknown","OriginalObserved2011","SEASON_5dd44dc7e8622d74af59","7","8","10","3","Validation","Train","https://www.inven.co.kr/webzine/news/?news=86963"
"PM_222d8217e16a6c412226","2009","한기주","Unknown","OriginalObserved2011","SEASON_d1af38af00e7101c93c5","6","5","5","-1","Validation","Train","https://www.inven.co.kr/webzine/news/?news=86963"
"PM_527e1f1d57b9a3d172ef","2009","강봉규","Unknown","OriginalObserved2011","SEASON_6f70ae0ebab41f6b334f","9","8","8","-1","Validation","Validation","https://www.inven.co.kr/webzine/news/?news=86951"
"PM_847750d02321581c18dd","2009","권혁","Unknown","OriginalObserved2011","SEASON_a9c56294a6e5b562a6f4","7","8","8","1","Validation","Validation","https://www.inven.co.kr/webzine/news/?news=86951"
"PM_0cd565910d81b72bcf1b","2009","나이트","Unknown","OriginalObserved2011","SEASON_16d519adf43483afa5ee","6","7","7","1","Validation","Validation","https://www.inven.co.kr/webzine/news/?news=86951"
"PM_9859273c6eb99dac7cbf","2009","박민규","Unknown","OriginalObserved2011","SEASON_4fc4ccde9d836f4e0c02","5","3","4","-1","Validation","Validation","https://www.inven.co.kr/webzine/news/?news=86951"
"PM_70c8eb9b59ed9fecaf92","2009","박석민","Unknown","OriginalObserved2011","SEASON_3508744fb2676d9455e9","5","8","8","3","Validation","Validation","https://www.inven.co.kr/webzine/news/?news=86951"
"PM_5255818bed29c5dea26d","2009","박진만","Unknown","OriginalObserved2011","SEASON_2039cbfa1fc871504f3b","5","5","5","0","Validation","Validation","https://www.inven.co.kr/webzine/news/?news=86951"
"PM_50f97138619a7971c4f7","2009","박한이","Unknown","OriginalObserved2011","SEASON_2265b52008d5cf069290","7","7","7","0","Validation","Validation","https://www.inven.co.kr/webzine/news/?news=86951"
"PM_5ef7c7cdbb68ffdd0e22","2009","배영수","Unknown","OriginalObserved2011","SEASON_76389bcc33627662ca2c","5","6","6","1","Validation","Validation","https://www.inven.co.kr/webzine/news/?news=86951"
"PM_2779880ea0ba941d171d","2009","신명철","Unknown","OriginalObserved2011","SEASON_9824d01b4109cd6cc0b5","8","8","8","0","Validation","Validation","https://www.inven.co.kr/webzine/news/?news=86951"
"PM_e0bf76c83bc2c2313f90","2009","안지만","Unknown","OriginalObserved2011","SEASON_c17f8b23495d37734f39","4","6","6","2","Validation","Validation","https://www.inven.co.kr/webzine/news/?news=86951"
"PM_77b48387881146bae704","2009","양준혁","Unknown","OriginalObserved2011","SEASON_3387c335271e7293c009","6","8","7","1","Validation","Validation","https://www.inven.co.kr/webzine/news/?news=86951"
"PM_fd862c74cae7d445ddd1","2009","오승환","Unknown","OriginalObserved2011","SEASON_69e1ffe760815b4fef3a","7","5","5","-2","Validation","Validation","https://www.inven.co.kr/webzine/news/?news=86951"
"PM_c448d53ab32817314195","2009","윤성환","Unknown","OriginalObserved2011","SEASON_189137d4f7c6113f4a61","8","9","9","1","Validation","Validation","https://www.inven.co.kr/webzine/news/?news=86951"
"PM_3f0a5ebcf11a8de02472","2009","정현욱","Unknown","OriginalObserved2011","SEASON_2085bb0f1e7692fc4f9d","6","8","8","2","Validation","Validation","https://www.inven.co.kr/webzine/news/?news=86951"
"PM_d5ed5306009cd74fbd08","2009","차우찬","Unknown","OriginalObserved2011","SEASON_a56d674dc71c8b732a76","5","7","6","1","Validation","Validation","https://www.inven.co.kr/webzine/news/?news=86951"
"PM_fec42713cbb36ccf783a","2009","채태인","Unknown","OriginalObserved2011","SEASON_e923de5b0d36f6341f65","6","8","8","2","Validation","Validation","https://www.inven.co.kr/webzine/news/?news=86951"
"PM_6431cb9eba5bfe1fba42","2009","최형우","Unknown","OriginalObserved2011","SEASON_74bac81a748d7838d0e3","7","8","8","1","Validation","Validation","https://www.inven.co.kr/webzine/news/?news=86951"
"PM_153f104ac405c2056032","2009","크루세타","Unknown","OriginalObserved2011","SEASON_cb63f4d49be530809122","6","8","8","2","Validation","Validation","https://www.inven.co.kr/webzine/news/?news=86951"
"PM_22b1f01d385462360e59","2009","현재윤","Unknown","OriginalObserved2011","SEASON_2477e603693d7500a735","5","5","5","0","Validation","Validation","https://www.inven.co.kr/webzine/news/?news=86951"
"PM_2084c0dd44a0a975f28b","2010","가르시아","Unknown","OriginalObserved2011","SEASON_cb1f9bec46b5454af721","6","7","8","2","Holdout","Train","https://www.inven.co.kr/webzine/news/?news=86963"
"PM_2a3e3c1feda5fe510d64","2010","강민호","Unknown","OriginalObserved2011","SEASON_8b37cd200c0c0c79e67d","7","8","8","1","Holdout","Train","https://www.inven.co.kr/webzine/news/?news=86963"
"PM_4801436f4f46c46ba85f","2010","강영식","Unknown","OriginalObserved2011","SEASON_f11d32bd2d9b856a6f31","6","6","6","0","Holdout","Train","https://www.inven.co.kr/webzine/news/?news=86963"
"PM_2df750d2ff3996dbe9bc","2010","김사율","Unknown","OriginalObserved2011","SEASON_3827ec36802a039808a4","5","6","7","2","Holdout","Train","https://www.inven.co.kr/webzine/news/?news=86963"
"PM_4add38df3e3cca9230f6","2010","김수완","Unknown","OriginalObserved2011","SEASON_3a8c7d5a62bd8ba6ca8a","5","7","7","2","Holdout","Train","https://www.inven.co.kr/webzine/news/?news=86963"
"PM_97e8ade959046ab6a0b7","2010","김일엽","Unknown","OriginalObserved2011","SEASON_e584581383d92750f06d","5","6","6","1","Holdout","Train","https://www.inven.co.kr/webzine/news/?news=86963"
"PM_6cf3915056fd32cbacef","2010","김주찬","Unknown","OriginalObserved2011","SEASON_0075836004311956d109","8","8","8","0","Holdout","Train","https://www.inven.co.kr/webzine/news/?news=86963"
"PM_bb680b8d76b261773a32","2010","배장호","Unknown","OriginalObserved2011","SEASON_19e6e3b27937eed28226","5","6","6","1","Holdout","Train","https://www.inven.co.kr/webzine/news/?news=86963"
"PM_895ce0c5e1bed5529fd6","2010","사도스키","Unknown","OriginalObserved2011","SEASON_c66fe217a094aac4a048","8","9","9","1","Holdout","Train","https://www.inven.co.kr/webzine/news/?news=86963"
"PM_db051b23dee714617f6c","2010","손아섭","Unknown","OriginalObserved2011","SEASON_b180ac6465f161dde030","7","8","8","1","Holdout","Train","https://www.inven.co.kr/webzine/news/?news=86963"
"PM_2c2381ece68b6051ea12","2010","송승준","Unknown","OriginalObserved2011","SEASON_a12576fc60ad070fe75d","7","9","9","2","Holdout","Train","https://www.inven.co.kr/webzine/news/?news=86963"
"PM_a6e914d533565fd53f6b","2010","이대호","Unknown","OriginalObserved2011","SEASON_a610f87b6cb66b6f536c","10","10","10","0","Holdout","Train","https://www.inven.co.kr/webzine/news/?news=86963"
"PM_06603b958bd9b4655b40","2010","이재곤","Unknown","OriginalObserved2011","SEASON_6d46c4218b98a48ad8da","7","8","8","1","Holdout","Train","https://www.inven.co.kr/webzine/news/?news=86963"
"PM_ab88c9cdc99f38dda410","2010","이정훈","Unknown","OriginalObserved2011","SEASON_bbb5a037d63396fffa19","5","5","5","0","Holdout","Train","https://www.inven.co.kr/webzine/news/?news=86963"
"PM_f16d580c5017f57e20ac","2010","임경완","Unknown","OriginalObserved2011","SEASON_91d96f10bd7cb9743916","6","5","6","0","Holdout","Train","https://www.inven.co.kr/webzine/news/?news=86963"
"PM_5823ed477609900ba1cd","2010","장원준","Unknown","OriginalObserved2011","SEASON_69e2f05f79cfd179e35f","7","8","8","1","Holdout","Train","https://www.inven.co.kr/webzine/news/?news=86963"
"PM_824ffadb08b165b54e48","2010","전준우","Unknown","OriginalObserved2011","SEASON_0566ee8a1f55182f277b","7","7","8","1","Holdout","Train","https://www.inven.co.kr/webzine/news/?news=86963"
"PM_8059de1a7fc4df26f86d","2010","조성환","Unknown","OriginalObserved2011","SEASON_7443acf86e6c595f44c3","9","8","8","-1","Holdout","Train","https://www.inven.co.kr/webzine/news/?news=86963"
"PM_6a80ddba271e91fa49b0","2010","홍성흔","Unknown","OriginalObserved2011","SEASON_047bc9f9d8ac5f2bd386","8","8","10","2","Holdout","Train","https://www.inven.co.kr/webzine/news/?news=86963"
"PM_0b1877628fc10a5e6a3f","2010","황재균","Unknown","OriginalObserved2011","SEASON_4301efe97edb42e68a5b","5","6","5","0","Holdout","Train","https://www.inven.co.kr/webzine/news/?news=86963"
"PM_eb5f5657af6f0a5f56e4","2010","권오준","Unknown","OriginalObserved2011","SEASON_46a90ea24d3201691701","6","6","6","0","Holdout","Validation","https://www.inven.co.kr/webzine/news/?news=86951"
"PM_6dca8d75a26da1d1e29c","2010","권혁","Unknown","OriginalObserved2011","SEASON_4aa25567ebd6ecfd961f","8","8","8","0","Holdout","Validation","https://www.inven.co.kr/webzine/news/?news=86951"
"PM_d9daf6bcc7aff42ac8a8","2010","김상수","Unknown","OriginalObserved2011","SEASON_195fbf43418a498a3c53","6","6","5","-1","Holdout","Validation","https://www.inven.co.kr/webzine/news/?news=86951"
"PM_741edfa814a34bb293b5","2010","레딩","Unknown","OriginalObserved2011","SEASON_78d0dbfaf909b4c964f8","5","5","5","0","Holdout","Validation","https://www.inven.co.kr/webzine/news/?news=86951"
"PM_68862b7e5223408e0a52","2010","박석민","Unknown","OriginalObserved2011","SEASON_6332d5c30b448365bffe","7","8","8","1","Holdout","Validation","https://www.inven.co.kr/webzine/news/?news=86951"
"PM_0bc2d80624f4c24ddce5","2010","박한이","Unknown","OriginalObserved2011","SEASON_9b996a8e8a7c27790d04","9","8","8","-1","Holdout","Validation","https://www.inven.co.kr/webzine/news/?news=86951"
"PM_84aa057acfee3c13b776","2010","배영수","Unknown","OriginalObserved2011","SEASON_84d5433ac8d40c78cec0","6","8","8","2","Holdout","Validation","https://www.inven.co.kr/webzine/news/?news=86951"
"PM_16a9260f5cac18bff55b","2010","신명철","Unknown","OriginalObserved2011","SEASON_44870b43599f59fb2975","7","8","7","0","Holdout","Validation","https://www.inven.co.kr/webzine/news/?news=86951"
"PM_d5fe2e8427a9e8357214","2010","안지만","Unknown","OriginalObserved2011","SEASON_fa7b16431a63d4a20350","8","8","8","0","Holdout","Validation","https://www.inven.co.kr/webzine/news/?news=86951"
"PM_e31a9bed2403ae507b2d","2010","이영욱","Unknown","OriginalObserved2011","SEASON_426cee80f443c2989434","8","7","7","-1","Holdout","Validation","https://www.inven.co.kr/webzine/news/?news=86951"
"PM_6fd2b25f8dd35a5e4c99","2010","이우선","Unknown","OriginalObserved2011","SEASON_7d950720d5376732a9ce","5","7","7","2","Holdout","Validation","https://www.inven.co.kr/webzine/news/?news=86951"
"PM_ee171682319c17786a02","2010","장원삼","Unknown","OriginalObserved2011","SEASON_51ce02fcc591c45835ee","9","9","9","0","Holdout","Validation","https://www.inven.co.kr/webzine/news/?news=86951"
"PM_ef56059529c8963a3a06","2010","정현욱","Unknown","OriginalObserved2011","SEASON_67866ad3fb35611362a6","7","8","8","1","Holdout","Validation","https://www.inven.co.kr/webzine/news/?news=86951"
"PM_815f3b368e99dfe19367","2010","조동찬","Unknown","OriginalObserved2011","SEASON_552f19f3fc6f5402ebe5","6","7","7","1","Holdout","Validation","https://www.inven.co.kr/webzine/news/?news=86951"
"PM_d3eed208ba316c01a405","2010","진갑용","Unknown","OriginalObserved2011","SEASON_7794ec0149f4f1d08564","5","6","6","1","Holdout","Validation","https://www.inven.co.kr/webzine/news/?news=86951"
"PM_b7f9bece1dabb1bdd0fb","2010","차우찬","Unknown","OriginalObserved2011","SEASON_c080aebe92beff9c6466","8","9","10","2","Holdout","Validation","https://www.inven.co.kr/webzine/news/?news=86951"
"PM_d8561196d4f03187dc9d","2010","채태인","Unknown","OriginalObserved2011","SEASON_4d28bbc12d8c748cf560","6","7","7","1","Holdout","Validation","https://www.inven.co.kr/webzine/news/?news=86951"
"PM_a5f008fb5ce907b7ebf4","2010","최형우","Unknown","OriginalObserved2011","SEASON_a476fa38d0bae023f5a5","8","8","8","0","Holdout","Validation","https://www.inven.co.kr/webzine/news/?news=86951"
"PM_67df513448ef4cbf3c9a","2010","크루세타","Unknown","OriginalObserved2011","SEASON_d9bc664a80fe01b62ba2","6","7","7","1","Holdout","Validation","https://www.inven.co.kr/webzine/news/?news=86951"
