"WorkbookRow","Year","TeamContext","PlayerName","Cost","SourceDate","SourceUrl","SameYearNameCandidates","SameArticleSameCostCandidates","SameArticleOtherCostCandidates","ReviewStatus"
"2","2008","SK","김광현","10","2011","https://www.inven.co.kr/webzine/news/?news=86959","0","0","0","CandidateOnly_NoAutomaticMerge"
"3","2008","SK","채병용","9","2011","https://www.inven.co.kr/webzine/news/?news=86959","0","0","0","CandidateOnly_NoAutomaticMerge"
"4","2008","SK","박재홍","9","2011","https://www.inven.co.kr/webzine/news/?news=86959","0","0","0","CandidateOnly_NoAutomaticMerge"
"5","2008","SK","최정","9","2011","https://www.inven.co.kr/webzine/news/?news=86959","0","0","0","CandidateOnly_NoAutomaticMerge"
"6","2008","SK","정근우","8","2011","https://www.inven.co.kr/webzine/news/?news=86959","0","0","0","CandidateOnly_NoAutomaticMerge"
"7","2008","SK","이진영","8","2011","https://www.inven.co.kr/webzine/news/?news=86959","0","0","0","CandidateOnly_NoAutomaticMerge"
"8","2009","SK","김광현","10","2011","https://www.inven.co.kr/webzine/news/?news=86959","0","0","0","CandidateOnly_NoAutomaticMerge"
"9","2009","SK","정근우","10","2011","https://www.inven.co.kr/webzine/news/?news=86959","0","0","0","CandidateOnly_NoAutomaticMerge"
"10","2009","SK","송은범","9","2011","https://www.inven.co.kr/webzine/news/?news=86959","0","0","0","CandidateOnly_NoAutomaticMerge"
"11","2009","SK","글로버","9","2011","https://www.inven.co.kr/webzine/news/?news=86959","0","0","0","CandidateOnly_NoAutomaticMerge"
"12","2009","SK","정대현","8","2011","https://www.inven.co.kr/webzine/news/?news=86959","0","0","0","CandidateOnly_NoAutomaticMerge"
"13","2009","SK","박재상","8","2011","https://www.inven.co.kr/webzine/news/?news=86959","0","0","0","CandidateOnly_NoAutomaticMerge"
"14","2009","SK","나주환","8","2011","https://www.inven.co.kr/webzine/news/?news=86959","0","0","0","CandidateOnly_NoAutomaticMerge"
"15","2010","두산","김선우","9","2011","https://www.inven.co.kr/webzine/news/?news=86959","0","0","0","CandidateOnly_NoAutomaticMerge"
"16","2010","두산","히메네스","9","2011","https://www.inven.co.kr/webzine/news/?news=86959","0","0","0","CandidateOnly_NoAutomaticMerge"
"17","2010","두산","이종욱","9","2011","https://www.inven.co.kr/webzine/news/?news=86959","0","0","0","CandidateOnly_NoAutomaticMerge"
"18","2010","두산","정재훈","8","2011","https://www.inven.co.kr/webzine/news/?news=86959","0","0","0","CandidateOnly_NoAutomaticMerge"
"19","2010","두산","김현수","8","2011","https://www.inven.co.kr/webzine/news/?news=86959","0","0","0","CandidateOnly_NoAutomaticMerge"
"20","2010","두산","최준석","8","2011","https://www.inven.co.kr/webzine/news/?news=86959","0","0","0","CandidateOnly_NoAutomaticMerge"
"21","2010","두산","이성열","8","2011","https://www.inven.co.kr/webzine/news/?news=86959","0","0","0","CandidateOnly_NoAutomaticMerge"
"22","2008","두산","김현수","10","2011","https://www.inven.co.kr/webzine/news/?news=86959","0","0","0","CandidateOnly_NoAutomaticMerge"
"23","2008","두산","김동주","9","2011","https://www.inven.co.kr/webzine/news/?news=86959","0","0","0","CandidateOnly_NoAutomaticMerge"
"24","2008","두산","김상현","8","2011","https://www.inven.co.kr/webzine/news/?news=86959","0","0","0","CandidateOnly_NoAutomaticMerge"
"25","2008","두산","고영민","8","2011","https://www.inven.co.kr/webzine/news/?news=86959","0","0","0","CandidateOnly_NoAutomaticMerge"
"26","2008","두산","홍성흔","8","2011","https://www.inven.co.kr/webzine/news/?news=86959","0","0","0","CandidateOnly_NoAutomaticMerge"
"27","1994","LG","신철수","10","2011","https://www.inven.co.kr/webzine/news/?news=86959","0","0","0","CandidateOnly_NoAutomaticMerge"
"28","1994","LG","김재현","10","2011","https://www.inven.co.kr/webzine/news/?news=86959","0","0","0","CandidateOnly_NoAutomaticMerge"
"29","1994","LG","정삼흠","9","2011","https://www.inven.co.kr/webzine/news/?news=86959","0","0","0","CandidateOnly_NoAutomaticMerge"
"30","1994","LG","유지현","9","2011","https://www.inven.co.kr/webzine/news/?news=86959","0","0","0","CandidateOnly_NoAutomaticMerge"
"31","1994","LG","김태원","8","2011","https://www.inven.co.kr/webzine/news/?news=86959","0","0","0","CandidateOnly_NoAutomaticMerge"
"32","1994","LG","김용수","8","2011","https://www.inven.co.kr/webzine/news/?news=86959","0","0","0","CandidateOnly_NoAutomaticMerge"
"33","1994","LG","서용빈","8","2011","https://www.inven.co.kr/webzine/news/?news=86959","0","0","0","CandidateOnly_NoAutomaticMerge"
"34","1994","LG","노찬엽","8","2011","https://www.inven.co.kr/webzine/news/?news=86959","0","0","0","CandidateOnly_NoAutomaticMerge"
"35","2007","LG","박용택","9","2011","https://www.inven.co.kr/webzine/news/?news=86959","0","0","0","CandidateOnly_NoAutomaticMerge"
"36","2007","LG","박명환","8","2011","https://www.inven.co.kr/webzine/news/?news=86959","0","0","0","CandidateOnly_NoAutomaticMerge"
"37","2008","넥센(기사 표기)","장원삼","9","2011","https://www.inven.co.kr/webzine/news/?news=86959","0","0","0","CandidateOnly_NoAutomaticMerge"
"38","2008","넥센(기사 표기)","마일영","8","2011","https://www.inven.co.kr/webzine/news/?news=86959","0","0","0","CandidateOnly_NoAutomaticMerge"
"39","2008","넥센(기사 표기)","다카쓰","8","2011","https://www.inven.co.kr/webzine/news/?news=86959","0","0","0","CandidateOnly_NoAutomaticMerge"
"40","2008","넥센(기사 표기)","송지만","8","2011","https://www.inven.co.kr/webzine/news/?news=86959","0","0","0","CandidateOnly_NoAutomaticMerge"
"41","2008","넥센(기사 표기)","이택근","8","2011","https://www.inven.co.kr/webzine/news/?news=86959","0","0","0","CandidateOnly_NoAutomaticMerge"
"42","2009","KIA","로페즈","10","2011","https://www.inven.co.kr/webzine/news/?news=86963&site=bm","1","1","0","CandidateOnly_NoAutomaticMerge"
"43","2009","KIA","구톰슨","9","2011","https://www.inven.co.kr/webzine/news/?news=86963&site=bm","1","1","0","CandidateOnly_NoAutomaticMerge"
"44","2009","KIA","김원섭","9","2011","https://www.inven.co.kr/webzine/news/?news=86963&site=bm","1","1","0","CandidateOnly_NoAutomaticMerge"
"45","2009","KIA","윤석민","8","2011","https://www.inven.co.kr/webzine/news/?news=86963&site=bm","1","1","0","CandidateOnly_NoAutomaticMerge"
"46","2009","KIA","양현종","8","2011","https://www.inven.co.kr/webzine/news/?news=86963&site=bm","1","1","0","CandidateOnly_NoAutomaticMerge"
"47","2009","KIA","김상현","8","2011","https://www.inven.co.kr/webzine/news/?news=86963&site=bm","1","1","0","CandidateOnly_NoAutomaticMerge"
"48","2003","KIA","김진우","9","2011","https://www.inven.co.kr/webzine/news/?news=86963&site=bm","1","1","0","CandidateOnly_NoAutomaticMerge"
"49","2003","KIA","이종범","9","2011","https://www.inven.co.kr/webzine/news/?news=86963&site=bm","1","1","0","CandidateOnly_NoAutomaticMerge"
"50","2003","KIA","장성호","9","2011","https://www.inven.co.kr/webzine/news/?news=86963&site=bm","1","1","0","CandidateOnly_NoAutomaticMerge"
"51","2003","KIA","최상덕","8","2011","https://www.inven.co.kr/webzine/news/?news=86963&site=bm","1","1","0","CandidateOnly_NoAutomaticMerge"
"52","2003","KIA","박재홍","8","2011","https://www.inven.co.kr/webzine/news/?news=86963&site=bm","1","1","0","CandidateOnly_NoAutomaticMerge"
"53","2003","KIA","홍세완","8","2011","https://www.inven.co.kr/webzine/news/?news=86963&site=bm","1","1","0","CandidateOnly_NoAutomaticMerge"
"54","2008","롯데","손민한","10","2011","https://www.inven.co.kr/webzine/news/?news=86963&site=bm","1","1","0","CandidateOnly_NoAutomaticMerge"
"55","2008","롯데","조성환","10","2011","https://www.inven.co.kr/webzine/news/?news=86963&site=bm","1","1","0","CandidateOnly_NoAutomaticMerge"
"56","2008","롯데","가르시아","9","2011","https://www.inven.co.kr/webzine/news/?news=86963&site=bm","1","1","0","CandidateOnly_NoAutomaticMerge"
"57","2008","롯데","송승준","8","2011","https://www.inven.co.kr/webzine/news/?news=86963&site=bm","1","1","0","CandidateOnly_NoAutomaticMerge"
"58","2008","롯데","장원준","8","2011","https://www.inven.co.kr/webzine/news/?news=86963&site=bm","1","1","0","CandidateOnly_NoAutomaticMerge"
"59","2008","롯데","강민호","8","2011","https://www.inven.co.kr/webzine/news/?news=86963&site=bm","1","1","0","CandidateOnly_NoAutomaticMerge"
"60","2010","롯데","이대호","10","2011","https://www.inven.co.kr/webzine/news/?news=86963&site=bm","1","1","0","CandidateOnly_NoAutomaticMerge"
"61","2010","롯데","조성환","9","2011","https://www.inven.co.kr/webzine/news/?news=86963&site=bm","1","1","0","CandidateOnly_NoAutomaticMerge"
"62","2010","롯데","사도스키","8","2011","https://www.inven.co.kr/webzine/news/?news=86963&site=bm","1","1","0","CandidateOnly_NoAutomaticMerge"
"63","2010","롯데","김주찬","8","2011","https://www.inven.co.kr/webzine/news/?news=86963&site=bm","1","1","0","CandidateOnly_NoAutomaticMerge"
"64","2010","롯데","홍성흔","8","2011","https://www.inven.co.kr/webzine/news/?news=86963&site=bm","1","1","0","CandidateOnly_NoAutomaticMerge"
"65","2007","한화","류현진","10","2011","https://www.inven.co.kr/webzine/news/?news=86963&site=bm","1","1","0","CandidateOnly_NoAutomaticMerge"
"66","2007","한화","정민철","9","2011","https://www.inven.co.kr/webzine/news/?news=86963&site=bm","1","1","0","CandidateOnly_NoAutomaticMerge"
"67","2007","한화","크루즈","8","2011","https://www.inven.co.kr/webzine/news/?news=86963&site=bm","1","1","0","CandidateOnly_NoAutomaticMerge"
"68","2007","한화","김태균","8","2011","https://www.inven.co.kr/webzine/news/?news=86963&site=bm","1","1","0","CandidateOnly_NoAutomaticMerge"
"69","2007","한화","이범호","8","2011","https://www.inven.co.kr/webzine/news/?news=86963&site=bm","1","1","0","CandidateOnly_NoAutomaticMerge"
"70","1994","태평양","정명원","9","2011","https://www.inven.co.kr/webzine/news/?news=86963&site=bm","1","1","0","CandidateOnly_NoAutomaticMerge"
"71","1994","태평양","김홍집","8","2011","https://www.inven.co.kr/webzine/news/?news=86963&site=bm","1","1","0","CandidateOnly_NoAutomaticMerge"
"72","1994","태평양","최상덕","8","2011","https://www.inven.co.kr/webzine/news/?news=86963&site=bm","1","1","0","CandidateOnly_NoAutomaticMerge"
"73","1994","태평양","윤덕규","8","2011","https://www.inven.co.kr/webzine/news/?news=86963&site=bm","1","1","0","CandidateOnly_NoAutomaticMerge"
"74","1994","태평양","김경기","8","2011","https://www.inven.co.kr/webzine/news/?news=86963&site=bm","1","1","0","CandidateOnly_NoAutomaticMerge"
"75","2004","삼성","배영수","8","2011","https://www.inven.co.kr/webzine/news/?news=86966","1","0","0","CandidateOnly_NoAutomaticMerge"
"76","2004","삼성","박한이","8","2011","https://www.inven.co.kr/webzine/news/?news=86966","1","0","0","CandidateOnly_NoAutomaticMerge"
"77","2004","삼성","양준혁","8","2011","https://www.inven.co.kr/webzine/news/?news=86966","1","0","0","CandidateOnly_NoAutomaticMerge"
"78","1997","삼성","양준혁","10","2011","https://www.inven.co.kr/webzine/news/?news=86966","1","1","0","CandidateOnly_NoAutomaticMerge"
"79","1997","삼성","최익성","9","2011","https://www.inven.co.kr/webzine/news/?news=86966","1","1","0","CandidateOnly_NoAutomaticMerge"
"80","1997","삼성","이승엽","9","2011","https://www.inven.co.kr/webzine/news/?news=86966","1","1","0","CandidateOnly_NoAutomaticMerge"
"81","1997","삼성","신동주","9","2011","https://www.inven.co.kr/webzine/news/?news=86966","1","1","0","CandidateOnly_NoAutomaticMerge"
"82","1997","삼성","박충식","8","2011","https://www.inven.co.kr/webzine/news/?news=86966","1","1","0","CandidateOnly_NoAutomaticMerge"
"83","1997","삼성","김상엽","8","2011","https://www.inven.co.kr/webzine/news/?news=86966","1","1","0","CandidateOnly_NoAutomaticMerge"
"84","1997","삼성","김태한","8","2011","https://www.inven.co.kr/webzine/news/?news=86966","1","1","0","CandidateOnly_NoAutomaticMerge"
"85","1997","삼성","김한수","8","2011","https://www.inven.co.kr/webzine/news/?news=86966","1","1","0","CandidateOnly_NoAutomaticMerge"
"86","1997","삼성","정경배","8","2011","https://www.inven.co.kr/webzine/news/?news=86966","1","1","0","CandidateOnly_NoAutomaticMerge"
"87","2000","현대","임선동","10","2011","https://www.inven.co.kr/webzine/news/?news=86966","1","1","0","CandidateOnly_NoAutomaticMerge"
"88","2000","현대","박재홍","10","2011","https://www.inven.co.kr/webzine/news/?news=86966","1","1","0","CandidateOnly_NoAutomaticMerge"
"89","2000","현대","정민태","9","2011","https://www.inven.co.kr/webzine/news/?news=86966","1","1","0","CandidateOnly_NoAutomaticMerge"
"90","2000","현대","박경완","9","2011","https://www.inven.co.kr/webzine/news/?news=86966","1","1","0","CandidateOnly_NoAutomaticMerge"
"91","2000","현대","김수경","8","2011","https://www.inven.co.kr/webzine/news/?news=86966","1","1","0","CandidateOnly_NoAutomaticMerge"
"92","2000","현대","퀸란","8","2011","https://www.inven.co.kr/webzine/news/?news=86966","1","1","0","CandidateOnly_NoAutomaticMerge"
"93","1998","현대","정민태","10","2011","https://www.inven.co.kr/webzine/news/?news=86966","1","1","0","CandidateOnly_NoAutomaticMerge"
"94","1998","현대","정명원","10","2011","https://www.inven.co.kr/webzine/news/?news=86966","1","1","0","CandidateOnly_NoAutomaticMerge"
"95","1998","현대","김수경","9","2011","https://www.inven.co.kr/webzine/news/?news=86966","1","1","0","CandidateOnly_NoAutomaticMerge"
"96","1998","현대","전준호","9","2011","https://www.inven.co.kr/webzine/news/?news=86966","1","1","0","CandidateOnly_NoAutomaticMerge"
"97","1998","현대","박재홍","9","2011","https://www.inven.co.kr/webzine/news/?news=86966","1","1","0","CandidateOnly_NoAutomaticMerge"
"98","1998","현대","쿨바","9","2011","https://www.inven.co.kr/webzine/news/?news=86966","1","1","0","CandidateOnly_NoAutomaticMerge"
"99","1998","현대","최원호","8","2011","https://www.inven.co.kr/webzine/news/?news=86966","1","1","0","CandidateOnly_NoAutomaticMerge"
"100","1998","현대","스트롱","8","2011","https://www.inven.co.kr/webzine/news/?news=86966","1","1","0","CandidateOnly_NoAutomaticMerge"
"101","1997","해태","이대진","10","2011","https://www.inven.co.kr/webzine/news/?news=86966","1","1","0","CandidateOnly_NoAutomaticMerge"
"102","1997","해태","이종범","10","2011","https://www.inven.co.kr/webzine/news/?news=86966","1","1","0","CandidateOnly_NoAutomaticMerge"
"103","1997","해태","이강철","9","2011","https://www.inven.co.kr/webzine/news/?news=86966","1","1","0","CandidateOnly_NoAutomaticMerge"
"104","1997","해태","임창용","8","2011","https://www.inven.co.kr/webzine/news/?news=86966","1","1","0","CandidateOnly_NoAutomaticMerge"
"105","1997","해태","홍현우","8","2011","https://www.inven.co.kr/webzine/news/?news=86966","1","1","0","CandidateOnly_NoAutomaticMerge"
"106","1997","해태","신영수","8","2011","https://www.inven.co.kr/webzine/news/?news=86966","1","1","0","CandidateOnly_NoAutomaticMerge"
"107","1997","해태","최훈재","8","2011","https://www.inven.co.kr/webzine/news/?news=86966","1","1","0","CandidateOnly_NoAutomaticMerge"
"108","1995","OB","김상진","10","2011","https://www.inven.co.kr/webzine/news/?news=86966","1","1","0","CandidateOnly_NoAutomaticMerge"
"109","1995","OB","권명철","9","2011","https://www.inven.co.kr/webzine/news/?news=86966","1","1","0","CandidateOnly_NoAutomaticMerge"
"110","1995","OB","김상호","9","2011","https://www.inven.co.kr/webzine/news/?news=86966","1","1","0","CandidateOnly_NoAutomaticMerge"
"111","1995","OB","심정수","8","2011","https://www.inven.co.kr/webzine/news/?news=86966","1","1","0","CandidateOnly_NoAutomaticMerge"
"112","1996","쌍방울","성영재","8","2011","https://www.inven.co.kr/webzine/news/?news=86966","1","1","0","CandidateOnly_NoAutomaticMerge"
"113","1996","쌍방울","조규제","8","2011","https://www.inven.co.kr/webzine/news/?news=86966","1","1","0","CandidateOnly_NoAutomaticMerge"
"114","1996","쌍방울","김광림","8","2011","https://www.inven.co.kr/webzine/news/?news=86966","1","1","0","CandidateOnly_NoAutomaticMerge"
"115","1995","두산","김상진","8","2013-11-15","https://www.inven.co.kr/webzine/news/?news=107123","1","0","0","CandidateOnly_NoAutomaticMerge"
"116","1992","두산","장호연","8","2013-11-15","https://www.inven.co.kr/webzine/news/?news=107123","0","0","0","CandidateOnly_NoAutomaticMerge"
"117","2006","두산","리오스","8","2013-11-15","https://www.inven.co.kr/webzine/news/?news=107123","0","0","0","CandidateOnly_NoAutomaticMerge"
"118","2011","두산","니퍼트","8","2013-11-15","https://www.inven.co.kr/webzine/news/?news=107123","0","0","0","CandidateOnly_NoAutomaticMerge"
"119","2011","두산","김선우","7","2013-11-15","https://www.inven.co.kr/webzine/news/?news=107123","0","0","0","CandidateOnly_NoAutomaticMerge"
"120","2013","두산","오현택","8","2013-11-15","https://www.inven.co.kr/webzine/news/?news=107123","0","0","0","CandidateOnly_NoAutomaticMerge"
"121","2008","두산","이재우","8","2013-11-15","https://www.inven.co.kr/webzine/news/?news=107123","0","0","0","CandidateOnly_NoAutomaticMerge"
"122","2012","두산","홍상삼","7","2013-11-15","https://www.inven.co.kr/webzine/news/?news=107123","0","0","0","CandidateOnly_NoAutomaticMerge"
"123","1999","두산","이혜천","5","2013-11-15","https://www.inven.co.kr/webzine/news/?news=107123","0","0","0","CandidateOnly_NoAutomaticMerge"
"124","1999","두산","진필중","8","2013-11-15","https://www.inven.co.kr/webzine/news/?news=107123","0","0","0","CandidateOnly_NoAutomaticMerge"
"125","2012","두산","프록터","7","2013-11-15","https://www.inven.co.kr/webzine/news/?news=107123","0","0","0","CandidateOnly_NoAutomaticMerge"
"126","1986","LG","김건우","8","2013-11-15","https://www.inven.co.kr/webzine/news/?news=107123","0","0","0","CandidateOnly_NoAutomaticMerge"
"127","1984","LG","오영일","8","2013-11-15","https://www.inven.co.kr/webzine/news/?news=107123","0","0","0","CandidateOnly_NoAutomaticMerge"
"128","1995","LG","이상훈","8","2013-11-15","https://www.inven.co.kr/webzine/news/?news=107123","0","0","0","CandidateOnly_NoAutomaticMerge"
"129","1990","LG","김태원","8","2013-11-15","https://www.inven.co.kr/webzine/news/?news=107123","0","0","0","CandidateOnly_NoAutomaticMerge"
"130","2013","LG","리즈","8","2013-11-15","https://www.inven.co.kr/webzine/news/?news=107123","0","0","0","CandidateOnly_NoAutomaticMerge"
"131","1982","LG","하기룡","8","2013-11-15","https://www.inven.co.kr/webzine/news/?news=107123","1","0","0","CandidateOnly_NoAutomaticMerge"
"132","2001","LG","신윤호","8","2013-11-15","https://www.inven.co.kr/webzine/news/?news=107123","0","0","0","CandidateOnly_NoAutomaticMerge"
"133","2002","LG","이동현","7","2013-11-15","https://www.inven.co.kr/webzine/news/?news=107123","0","0","0","CandidateOnly_NoAutomaticMerge"
"134","2008","LG","이범준","4","2013-11-15","https://www.inven.co.kr/webzine/news/?news=107123","0","0","0","CandidateOnly_NoAutomaticMerge"
"135","1993","LG","김용수","8","2013-11-15","https://www.inven.co.kr/webzine/news/?news=107123","0","0","0","CandidateOnly_NoAutomaticMerge"
"136","2013","LG","봉중근","8","2013-11-15","https://www.inven.co.kr/webzine/news/?news=107123","0","0","0","CandidateOnly_NoAutomaticMerge"
"137","1985","삼성","김일융","8","2013-11-15","https://www.inven.co.kr/webzine/news/?news=107123","1","0","0","CandidateOnly_NoAutomaticMerge"
"138","1985","삼성","김시진","8","2013-11-15","https://www.inven.co.kr/webzine/news/?news=107123","1","0","0","CandidateOnly_NoAutomaticMerge"
"139","2004","삼성","배영수","8","2013-11-15","https://www.inven.co.kr/webzine/news/?news=107123","1","0","0","CandidateOnly_NoAutomaticMerge"
"140","1982","삼성","이선희","8","2013-11-15","https://www.inven.co.kr/webzine/news/?news=107123","0","0","0","CandidateOnly_NoAutomaticMerge"
"141","2010","삼성","장원삼","7","2013-11-15","https://www.inven.co.kr/webzine/news/?news=107123","1","0","0","CandidateOnly_NoAutomaticMerge"
"142","1990","삼성","김상엽","8","2013-11-15","https://www.inven.co.kr/webzine/news/?news=107123","0","0","0","CandidateOnly_NoAutomaticMerge"
"143","2009","삼성","권혁","7","2013-11-15","https://www.inven.co.kr/webzine/news/?news=107123","1","0","0","CandidateOnly_NoAutomaticMerge"
"144","2012","삼성","안지만","7","2013-11-15","https://www.inven.co.kr/webzine/news/?news=107123","0","0","0","CandidateOnly_NoAutomaticMerge"
"145","1983","삼성","권영호","5","2013-11-15","https://www.inven.co.kr/webzine/news/?news=107123","0","0","0","CandidateOnly_NoAutomaticMerge"
"146","1999","삼성","임창용","8","2013-11-15","https://www.inven.co.kr/webzine/news/?news=107123","1","0","0","CandidateOnly_NoAutomaticMerge"
"147","2011","삼성","오승환","8","2013-11-15","https://www.inven.co.kr/webzine/news/?news=107123","0","0","0","CandidateOnly_NoAutomaticMerge"
"148","1994","KIA","조계현","8","2013-11-15","https://www.inven.co.kr/webzine/news/?news=107123","0","0","0","CandidateOnly_NoAutomaticMerge"
"149","2004","KIA","리오스","8","2013-11-15","https://www.inven.co.kr/webzine/news/?news=107123","0","0","0","CandidateOnly_NoAutomaticMerge"
"150","2011","KIA","윤석민","8","2013-11-15","https://www.inven.co.kr/webzine/news/?news=107123","0","0","0","CandidateOnly_NoAutomaticMerge"
"151","1996","KIA","이대진","8","2013-11-15","https://www.inven.co.kr/webzine/news/?news=107123","0","0","0","CandidateOnly_NoAutomaticMerge"
"152","1984","KIA","이상윤","7","2013-11-15","https://www.inven.co.kr/webzine/news/?news=107123","0","0","0","CandidateOnly_NoAutomaticMerge"
"153","1997","KIA","임창용","8","2013-11-15","https://www.inven.co.kr/webzine/news/?news=107123","1","0","0","CandidateOnly_NoAutomaticMerge"
"154","2000","KIA","오봉옥","8","2013-11-15","https://www.inven.co.kr/webzine/news/?news=107123","0","0","0","CandidateOnly_NoAutomaticMerge"
"155","2003","KIA","신용운","7","2013-11-15","https://www.inven.co.kr/webzine/news/?news=107123","1","0","0","CandidateOnly_NoAutomaticMerge"
"156","1988","KIA","김정수","4","2013-11-15","https://www.inven.co.kr/webzine/news/?news=107123","0","0","0","CandidateOnly_NoAutomaticMerge"
"157","2008","KIA","한기주","7","2013-11-15","https://www.inven.co.kr/webzine/news/?news=107123","0","0","0","CandidateOnly_NoAutomaticMerge"
"158","1993","KIA","선동열","8","2013-11-15","https://www.inven.co.kr/webzine/news/?news=107123","0","0","0","CandidateOnly_NoAutomaticMerge"
"159","2010","SK","김광현","8","2013-11-15","https://www.inven.co.kr/webzine/news/?news=107123","0","0","0","CandidateOnly_NoAutomaticMerge"
"160","2013","SK","세든","8","2013-11-15","https://www.inven.co.kr/webzine/news/?news=107123","0","0","0","CandidateOnly_NoAutomaticMerge"
"161","2007","SK","레이번","8","2013-11-15","https://www.inven.co.kr/webzine/news/?news=107123","0","0","0","CandidateOnly_NoAutomaticMerge"
"162","2010","SK","카도쿠라","8","2013-11-15","https://www.inven.co.kr/webzine/news/?news=107123","0","0","0","CandidateOnly_NoAutomaticMerge"
"163","2001","SK","이승호","7","2013-11-15","https://www.inven.co.kr/webzine/news/?news=107123","0","0","0","CandidateOnly_NoAutomaticMerge"
"164","1997","SK","김현욱","8","2013-11-15","https://www.inven.co.kr/webzine/news/?news=107123","0","0","0","CandidateOnly_NoAutomaticMerge"
"165","2012","SK","박희수","8","2013-11-15","https://www.inven.co.kr/webzine/news/?news=107123","0","0","0","CandidateOnly_NoAutomaticMerge"
"166","2011","SK","정우람","8","2013-11-15","https://www.inven.co.kr/webzine/news/?news=107123","0","0","0","CandidateOnly_NoAutomaticMerge"
"167","2013","SK","임경완","3","2013-11-15","https://www.inven.co.kr/webzine/news/?news=107123","0","0","0","CandidateOnly_NoAutomaticMerge"
"168","2006","SK","정대현","8","2013-11-15","https://www.inven.co.kr/webzine/news/?news=107123","0","0","0","CandidateOnly_NoAutomaticMerge"
"169","1991","SK","조규제","8","2013-11-15","https://www.inven.co.kr/webzine/news/?news=107123","0","0","0","CandidateOnly_NoAutomaticMerge"
"170","1984","롯데","최동원","8","2013-11-15","https://www.inven.co.kr/webzine/news/?news=107123","1","0","0","CandidateOnly_NoAutomaticMerge"
"171","2013","롯데","유먼","8","2013-11-15","https://www.inven.co.kr/webzine/news/?news=107123","0","0","0","CandidateOnly_NoAutomaticMerge"
"172","2005","롯데","손민한","8","2013-11-15","https://www.inven.co.kr/webzine/news/?news=107123","0","0","0","CandidateOnly_NoAutomaticMerge"
"173","1992","롯데","염종석","8","2013-11-15","https://www.inven.co.kr/webzine/news/?news=107123","0","0","0","CandidateOnly_NoAutomaticMerge"
"174","2010","롯데","사도스키","7","2013-11-15","https://www.inven.co.kr/webzine/news/?news=107123","1","0","0","CandidateOnly_NoAutomaticMerge"
"175","2009","롯데","임경완","7","2013-11-15","https://www.inven.co.kr/webzine/news/?news=107123","0","0","0","CandidateOnly_NoAutomaticMerge"
"176","2007","롯데","최대성","7","2013-11-15","https://www.inven.co.kr/webzine/news/?news=107123","0","0","0","CandidateOnly_NoAutomaticMerge"
"177","2008","롯데","강영식","7","2013-11-15","https://www.inven.co.kr/webzine/news/?news=107123","1","0","0","CandidateOnly_NoAutomaticMerge"
"178","2013","롯데","이명우","7","2013-11-15","https://www.inven.co.kr/webzine/news/?news=107123","0","0","0","CandidateOnly_NoAutomaticMerge"
"179","2000","롯데","강상수","7","2013-11-15","https://www.inven.co.kr/webzine/news/?news=107123","0","0","0","CandidateOnly_NoAutomaticMerge"
"180","1995","롯데","박동희","7","2013-11-15","https://www.inven.co.kr/webzine/news/?news=107123","0","0","0","CandidateOnly_NoAutomaticMerge"
"181","1983","넥센","장명부","8","2013-11-15","https://www.inven.co.kr/webzine/news/?news=107123","1","0","0","CandidateOnly_NoAutomaticMerge"
"182","2012","넥센","나이트","8","2013-11-15","https://www.inven.co.kr/webzine/news/?news=107123","0","0","0","CandidateOnly_NoAutomaticMerge"
"183","1999","넥센","정민태","8","2013-11-15","https://www.inven.co.kr/webzine/news/?news=107123","0","0","0","CandidateOnly_NoAutomaticMerge"
"184","1991","넥센","최창호","8","2013-11-15","https://www.inven.co.kr/webzine/news/?news=107123","0","0","0","CandidateOnly_NoAutomaticMerge"
"185","2012","넥센","밴헤켄","7","2013-11-15","https://www.inven.co.kr/webzine/news/?news=107123","0","0","0","CandidateOnly_NoAutomaticMerge"
"186","1995","넥센","정명원","8","2013-11-15","https://www.inven.co.kr/webzine/news/?news=107123","0","0","0","CandidateOnly_NoAutomaticMerge"
"187","1999","넥센","조웅천","7","2013-11-15","https://www.inven.co.kr/webzine/news/?news=107123","0","0","0","CandidateOnly_NoAutomaticMerge"
"188","1992","넥센","박은진","7","2013-11-15","https://www.inven.co.kr/webzine/news/?news=107123","0","0","0","CandidateOnly_NoAutomaticMerge"
"189","2003","넥센","이상열","6","2013-11-15","https://www.inven.co.kr/webzine/news/?news=107123","0","0","0","CandidateOnly_NoAutomaticMerge"
"190","2012","넥센","손승락","7","2013-11-15","https://www.inven.co.kr/webzine/news/?news=107123","0","0","0","CandidateOnly_NoAutomaticMerge"
"191","2000","넥센","위재영","8","2013-11-15","https://www.inven.co.kr/webzine/news/?news=107123","1","0","0","CandidateOnly_NoAutomaticMerge"
"192","2006","한화","류현진","8","2013-11-15","https://www.inven.co.kr/webzine/news/?news=107123","0","0","0","CandidateOnly_NoAutomaticMerge"
"193","2013","한화","바티스타","8","2013-11-15","https://www.inven.co.kr/webzine/news/?news=107123","0","0","0","CandidateOnly_NoAutomaticMerge"
"194","1999","한화","정민철","8","2013-11-15","https://www.inven.co.kr/webzine/news/?news=107123","0","0","0","CandidateOnly_NoAutomaticMerge"
"195","1988","한화","한희민","8","2013-11-15","https://www.inven.co.kr/webzine/news/?news=107123","0","0","0","CandidateOnly_NoAutomaticMerge"
"196","1991","한화","장정순","7","2013-11-15","https://www.inven.co.kr/webzine/news/?news=107123","0","0","0","CandidateOnly_NoAutomaticMerge"
"197","1996","한화","구대성","8","2013-11-15","https://www.inven.co.kr/webzine/news/?news=107123","0","0","0","CandidateOnly_NoAutomaticMerge"
"198","1988","한화","이상군","8","2013-11-15","https://www.inven.co.kr/webzine/news/?news=107123","0","0","0","CandidateOnly_NoAutomaticMerge"
"199","2011","한화","박정진","7","2013-11-15","https://www.inven.co.kr/webzine/news/?news=107123","0","0","0","CandidateOnly_NoAutomaticMerge"
"200","2011","한화","마일영","5","2013-11-15","https://www.inven.co.kr/webzine/news/?news=107123","0","0","0","CandidateOnly_NoAutomaticMerge"
"201","2008","한화","토마스","7","2013-11-15","https://www.inven.co.kr/webzine/news/?news=107123","1","0","0","CandidateOnly_NoAutomaticMerge"
"202","1990","한화","송진우","8","2013-11-15","https://www.inven.co.kr/webzine/news/?news=107123","0","0","0","CandidateOnly_NoAutomaticMerge"
"203","2004","두산","문희성","3","2010-04-06","https://m.inven.co.kr/webzine/wznews.php?idx=86796&searchwhere=writer&site=bm&svalue=%EA%B3%B5%EB%AF%BC%ED%99%98","0","0","0","CandidateOnly_NoAutomaticMerge"
"204","2006","한화","송광민","1","2010-04-06","https://m.inven.co.kr/webzine/wznews.php?idx=86796&searchwhere=writer&site=bm&svalue=%EA%B3%B5%EB%AF%BC%ED%99%98","0","0","0","CandidateOnly_NoAutomaticMerge"
"205","2008","LG","김용의","2","2010-04-06","https://m.inven.co.kr/webzine/wznews.php?idx=86796&searchwhere=writer&site=bm&svalue=%EA%B3%B5%EB%AF%BC%ED%99%98","0","0","0","CandidateOnly_NoAutomaticMerge"
"206","2008","SK","김동건","2","2010-04-06","https://m.inven.co.kr/webzine/wznews.php?idx=86796&searchwhere=writer&site=bm&svalue=%EA%B3%B5%EB%AF%BC%ED%99%98","0","0","0","CandidateOnly_NoAutomaticMerge"
"207","2004","삼성","강명구","3","2010-04-06","https://m.inven.co.kr/webzine/wznews.php?idx=86796&searchwhere=writer&site=bm&svalue=%EA%B3%B5%EB%AF%BC%ED%99%98","0","0","0","CandidateOnly_NoAutomaticMerge"
"208","2000","롯데","박현승","5","2010-04-06","https://m.inven.co.kr/webzine/wznews.php?idx=86796&searchwhere=writer&site=bm&svalue=%EA%B3%B5%EB%AF%BC%ED%99%98","0","0","0","CandidateOnly_NoAutomaticMerge"
"209","2002","롯데","조성환","4","2010-04-06","https://m.inven.co.kr/webzine/wznews.php?idx=86796&searchwhere=writer&site=bm&svalue=%EA%B3%B5%EB%AF%BC%ED%99%98","0","0","0","CandidateOnly_NoAutomaticMerge"
"210","2008",,"강동우","3","2010-04-06","https://m.inven.co.kr/webzine/wznews.php?idx=86796&searchwhere=writer&site=bm&svalue=%EA%B3%B5%EB%AF%BC%ED%99%98","0","0","0","CandidateOnly_NoAutomaticMerge"
"211","2003",,"쿡슨","3","2010-04-06","https://m.inven.co.kr/webzine/wznews.php?idx=86796&searchwhere=writer&site=bm&svalue=%EA%B3%B5%EB%AF%BC%ED%99%98","0","0","0","CandidateOnly_NoAutomaticMerge"
"212","2002",,"양현석","4","2010-04-06","https://m.inven.co.kr/webzine/wznews.php?idx=86796&searchwhere=writer&site=bm&svalue=%EA%B3%B5%EB%AF%BC%ED%99%98","0","0","0","CandidateOnly_NoAutomaticMerge"
"213","2000",,"타바레스","5","2010-04-06","https://m.inven.co.kr/webzine/wznews.php?idx=86796&searchwhere=writer&site=bm&svalue=%EA%B3%B5%EB%AF%BC%ED%99%98","0","0","0","CandidateOnly_NoAutomaticMerge"
"214","2004",,"조규수","4","2010-04-06","https://m.inven.co.kr/webzine/wznews.php?idx=86796&searchwhere=writer&site=bm&svalue=%EA%B3%B5%EB%AF%BC%ED%99%98","0","0","0","CandidateOnly_NoAutomaticMerge"
"215","2004",,"전병호","4","2010-04-06","https://m.inven.co.kr/webzine/wznews.php?idx=86796&searchwhere=writer&site=bm&svalue=%EA%B3%B5%EB%AF%BC%ED%99%98","0","0","0","CandidateOnly_NoAutomaticMerge"
"216","2004",,"정민태","6","2010-04-06","https://m.inven.co.kr/webzine/wznews.php?idx=86796&searchwhere=writer&site=bm&svalue=%EA%B3%B5%EB%AF%BC%ED%99%98","0","0","0","CandidateOnly_NoAutomaticMerge"
"217","2004",,"강철민","4","2010-04-06","https://m.inven.co.kr/webzine/wznews.php?idx=86796&searchwhere=writer&site=bm&svalue=%EA%B3%B5%EB%AF%BC%ED%99%98","0","0","0","CandidateOnly_NoAutomaticMerge"
"218","2002",,"이승호","4","2010-04-06","https://m.inven.co.kr/webzine/wznews.php?idx=86796&searchwhere=writer&site=bm&svalue=%EA%B3%B5%EB%AF%BC%ED%99%98","0","0","0","CandidateOnly_NoAutomaticMerge"
"219","2008",,"김덕윤","3","2010-04-06","https://m.inven.co.kr/webzine/wznews.php?idx=86796&searchwhere=writer&site=bm&svalue=%EA%B3%B5%EB%AF%BC%ED%99%98","0","0","0","CandidateOnly_NoAutomaticMerge"
"220","2008",,"이동현","4","2010-04-06","https://m.inven.co.kr/webzine/wznews.php?idx=86796&searchwhere=writer&site=bm&svalue=%EA%B3%B5%EB%AF%BC%ED%99%98","0","0","0","CandidateOnly_NoAutomaticMerge"
"221","2000",,"이혜천","4","2010-04-06","https://m.inven.co.kr/webzine/wznews.php?idx=86796&searchwhere=writer&site=bm&svalue=%EA%B3%B5%EB%AF%BC%ED%99%98","0","0","0","CandidateOnly_NoAutomaticMerge"
"222","2005",,"신재웅","3","2010-04-06","https://m.inven.co.kr/webzine/wznews.php?idx=86796&searchwhere=writer&site=bm&svalue=%EA%B3%B5%EB%AF%BC%ED%99%98","0","0","0","CandidateOnly_NoAutomaticMerge"
"223","2004",,"차명주","4","2010-04-06","https://m.inven.co.kr/webzine/wznews.php?idx=86796&searchwhere=writer&site=bm&svalue=%EA%B3%B5%EB%AF%BC%ED%99%98","0","0","0","CandidateOnly_NoAutomaticMerge"
"224","2000",,"류택현","4","2010-04-06","https://m.inven.co.kr/webzine/wznews.php?idx=86796&searchwhere=writer&site=bm&svalue=%EA%B3%B5%EB%AF%BC%ED%99%98","0","0","0","CandidateOnly_NoAutomaticMerge"
"225","2007",,"최대성","5","2010-04-06","https://m.inven.co.kr/webzine/wznews.php?idx=86796&searchwhere=writer&site=bm&svalue=%EA%B3%B5%EB%AF%BC%ED%99%98","0","0","0","CandidateOnly_NoAutomaticMerge"
"226","2007",,"우규민","4","2010-04-06","https://m.inven.co.kr/webzine/wznews.php?idx=86796&searchwhere=writer&site=bm&svalue=%EA%B3%B5%EB%AF%BC%ED%99%98","0","0","0","CandidateOnly_NoAutomaticMerge"
"227","2008",,"양성제","1","2010-04-06","https://m.inven.co.kr/webzine/wznews.php?idx=86796&searchwhere=writer&site=bm&svalue=%EA%B3%B5%EB%AF%BC%ED%99%98","0","0","0","CandidateOnly_NoAutomaticMerge"
"228","2008",,"반재륭","1","2010-04-06","https://m.inven.co.kr/webzine/wznews.php?idx=86796&searchwhere=writer&site=bm&svalue=%EA%B3%B5%EB%AF%BC%ED%99%98","0","0","0","CandidateOnly_NoAutomaticMerge"
"229","2008",,"신윤호","2","2010-04-06","https://m.inven.co.kr/webzine/wznews.php?idx=86796&searchwhere=writer&site=bm&svalue=%EA%B3%B5%EB%AF%BC%ED%99%98","0","0","0","CandidateOnly_NoAutomaticMerge"
"230","2008",,"송현우","4","2010-04-06","https://m.inven.co.kr/webzine/wznews.php?idx=86796&searchwhere=writer&site=bm&svalue=%EA%B3%B5%EB%AF%BC%ED%99%98","0","0","0","CandidateOnly_NoAutomaticMerge"
"231","2002",,"조웅천","5","2010-04-06","https://m.inven.co.kr/webzine/wznews.php?idx=86796&searchwhere=writer&site=bm&svalue=%EA%B3%B5%EB%AF%BC%ED%99%98","0","0","0","CandidateOnly_NoAutomaticMerge"
"232","2009",,"최대성","1","2010-04-06","https://m.inven.co.kr/webzine/wznews.php?idx=86796&searchwhere=writer&site=bm&svalue=%EA%B3%B5%EB%AF%BC%ED%99%98","0","0","0","CandidateOnly_NoAutomaticMerge"
"233","2005",,"박기혁","4","2010-04-06","https://m.inven.co.kr/webzine/wznews.php?idx=86796&searchwhere=writer&site=bm&svalue=%EA%B3%B5%EB%AF%BC%ED%99%98","0","0","0","CandidateOnly_NoAutomaticMerge"
"234","2009",,"이범준","4","2010-04-06","https://m.inven.co.kr/webzine/wznews.php?idx=86796&searchwhere=writer&site=bm&svalue=%EA%B3%B5%EB%AF%BC%ED%99%98","0","0","0","CandidateOnly_NoAutomaticMerge"
