year,team,split,name,kind,expected,sourceUrl,image,seasonId,status,beforeRole,beforePlacementError,beforeMembershipError,afterRole,afterPlacementError,afterMembershipError,hasSourcePositionEvidence
2008,SK,Review,정근우,Hitter,2B,https://www.inven.co.kr/webzine/news/?news=86959,(81)20101220011931126.jpg,SEASON_3b234c63e71564e83a38,Matched,StartingHitter:2B,0,0,StartingHitter:2B,0,0,True
2008,SK,Review,조동화,Hitter,OF,https://www.inven.co.kr/webzine/news/?news=86959,(81)20101220011931126.jpg,SEASON_7a24aab9a5925e3e4d05,Matched,StartingHitter:LF,0,0,BenchHitter:2,1,1,True
2008,SK,Review,최정,Hitter,3B,https://www.inven.co.kr/webzine/news/?news=86959,(81)20101220011931126.jpg,SEASON_2cc5688fc57b98c05093,Matched,StartingHitter:3B,0,0,StartingHitter:3B,0,0,True
2008,SK,Review,박재홍,Hitter,OF,https://www.inven.co.kr/webzine/news/?news=86959,(81)20101220011931126.jpg,SEASON_2d939ec0341a95e2732d,Matched,StartingHitter:RF,0,0,StartingHitter:RF,0,0,True
2008,SK,Review,김재현,Hitter,DH,https://www.inven.co.kr/webzine/news/?news=86959,(81)20101220011931126.jpg,,Unresolved_NoForcedAlias,,,,,,,False
2008,SK,Review,박정권,Hitter,1B,https://www.inven.co.kr/webzine/news/?news=86959,(81)20101220011931126.jpg,SEASON_c41f0d48a3b7dd00b0b9,Matched,ReserveHitter:21,1,1,BenchHitter:5,1,1,True
2008,SK,Review,박경완,Hitter,C,https://www.inven.co.kr/webzine/news/?news=86959,(81)20101220011931126.jpg,SEASON_754802dffe259597e690,Matched,StartingHitter:C,0,0,StartingHitter:C,0,0,True
2008,SK,Review,나주환,Hitter,SS,https://www.inven.co.kr/webzine/news/?news=86959,(81)20101220011931126.jpg,SEASON_1fd8abc337305f3d4d52,Matched,StartingHitter:SS,0,0,StartingHitter:SS,0,0,True
2008,SK,Review,이진영,Hitter,OF,https://www.inven.co.kr/webzine/news/?news=86959,(81)20101220011931126.jpg,SEASON_647c1feaa45e7a970650,Matched,StartingHitter:1B,1,0,StartingHitter:1B,1,0,True
2008,SK,Review,김광현,Starter,Starter,https://www.inven.co.kr/webzine/news/?news=86959,(81)20101220011931126.jpg,SEASON_a05d65e2545e720e9011,Matched,StartingPitcher:1,0,,StartingPitcher:1,0,,
2008,SK,Review,채병용,Starter,Starter,https://www.inven.co.kr/webzine/news/?news=86959,(81)20101220011931126.jpg,SEASON_0682b78e9d70b023e0d3,Matched,StartingPitcher:2,0,,StartingPitcher:2,0,,
2008,SK,Review,레이번,Starter,Starter,https://www.inven.co.kr/webzine/news/?news=86959,(81)20101220011931126.jpg,SEASON_69bb4776af0f09da4830,Matched,StartingPitcher:3,0,,StartingPitcher:3,0,,
2008,SK,Review,송은범,Starter,Starter,https://www.inven.co.kr/webzine/news/?news=86959,(81)20101220011931126.jpg,SEASON_034a585d661a8d4bacff,Matched,StartingPitcher:4,0,,StartingPitcher:4,0,,
2008,SK,Review,이영욱,Starter,Starter,https://www.inven.co.kr/webzine/news/?news=86959,(81)20101220011931126.jpg,SEASON_f0b2ddfb051bf890a019,Matched,StartingPitcher:5,0,,StartingPitcher:5,0,,
2008,SK,Review,김원형,Bullpen,Bullpen,https://www.inven.co.kr/webzine/news/?news=86959,(81)20101220011931126.jpg,SEASON_da0d135564debe44bedb,Matched,Bullpen1,0,,Bullpen1,0,,
2008,SK,Review,조웅천,Bullpen,Bullpen,https://www.inven.co.kr/webzine/news/?news=86959,(81)20101220011931126.jpg,SEASON_b57522d84271a12fe2c2,Matched,Bullpen2,0,,Bullpen2,0,,
2008,SK,Review,가득염,Bullpen,Bullpen,https://www.inven.co.kr/webzine/news/?news=86959,(81)20101220011931126.jpg,SEASON_0ba1111fa5081b2dfeed,Matched,ReservePitcher:4,1,,ReservePitcher:4,1,,
2008,SK,Review,윤길현,Bullpen,Bullpen,https://www.inven.co.kr/webzine/news/?news=86959,(81)20101220011931126.jpg,SEASON_2e6d9cf0763724218703,Matched,Bullpen3,0,,Bullpen3,0,,
2008,SK,Review,정우람,Setup,Setup,https://www.inven.co.kr/webzine/news/?news=86959,(81)20101220011931126.jpg,SEASON_eb69a62f93cf4075ebeb,Matched,Setup,0,,Setup,0,,
2008,SK,Review,정대현,Closer,Closer,https://www.inven.co.kr/webzine/news/?news=86959,(81)20101220011931126.jpg,SEASON_11c3af73fa8971ba16fc,Matched,Closer,0,,Closer,0,,
2009,SK,Validation,정근우,Hitter,2B,https://www.inven.co.kr/webzine/news/?news=86959,(10)20101220011931126.jpg,SEASON_ff09fa00bb8eb87ce384,Matched,StartingHitter:2B,0,0,StartingHitter:2B,0,0,True
2009,SK,Validation,박재상,Hitter,OF,https://www.inven.co.kr/webzine/news/?news=86959,(10)20101220011931126.jpg,SEASON_88d701045a196d72d219,Matched,StartingHitter:LF,0,0,StartingHitter:LF,0,0,True
2009,SK,Validation,박재홍,Hitter,OF,https://www.inven.co.kr/webzine/news/?news=86959,(10)20101220011931126.jpg,SEASON_9be56659343e606ba694,Matched,StartingHitter:RF,0,0,StartingHitter:RF,0,0,True
2009,SK,Validation,김재현,Hitter,DH,https://www.inven.co.kr/webzine/news/?news=86959,(10)20101220011931126.jpg,SEASON_2cad15d54d709f5edd0f,Matched,BenchHitter:4,1,1,StartingHitter:DH,0,0,True
2009,SK,Validation,박정권,Hitter,1B,https://www.inven.co.kr/webzine/news/?news=86959,(10)20101220011931126.jpg,SEASON_735d33d198593a85cd83,Matched,StartingHitter:1B,0,0,StartingHitter:1B,0,0,True
2009,SK,Validation,나주환,Hitter,SS,https://www.inven.co.kr/webzine/news/?news=86959,(10)20101220011931126.jpg,SEASON_60bc34a4b12e986e9c93,Matched,StartingHitter:SS,0,0,StartingHitter:SS,0,0,True
2009,SK,Validation,정상호,Hitter,C,https://www.inven.co.kr/webzine/news/?news=86959,(10)20101220011931126.jpg,SEASON_744415531907457ec8b7,Matched,BenchHitter:1,1,1,BenchHitter:1,1,1,True
2009,SK,Validation,김강민,Hitter,OF,https://www.inven.co.kr/webzine/news/?news=86959,(10)20101220011931126.jpg,SEASON_d7f755d9f4e0a8d73cf5,Matched,StartingHitter:CF,0,0,StartingHitter:CF,0,0,True
2009,SK,Validation,최정,Hitter,3B,https://www.inven.co.kr/webzine/news/?news=86959,(10)20101220011931126.jpg,SEASON_059014e01a48a8e3a053,Matched,StartingHitter:3B,0,0,StartingHitter:3B,0,0,True
2009,SK,Validation,김광현,Starter,Starter,https://www.inven.co.kr/webzine/news/?news=86959,(10)20101220011931126.jpg,SEASON_13a084838ec06c121de4,Matched,StartingPitcher:2,0,,StartingPitcher:2,0,,
2009,SK,Validation,송은범,Starter,Starter,https://www.inven.co.kr/webzine/news/?news=86959,(10)20101220011931126.jpg,SEASON_1f834e4c9dd1c1e7b9b5,Matched,StartingPitcher:3,0,,StartingPitcher:3,0,,
2009,SK,Validation,글로버,Starter,Starter,https://www.inven.co.kr/webzine/news/?news=86959,(10)20101220011931126.jpg,SEASON_cf286b89a58cc1728796,Matched,StartingPitcher:1,0,,StartingPitcher:1,0,,
2009,SK,Validation,카도쿠라,Starter,Starter,https://www.inven.co.kr/webzine/news/?news=86959,(10)20101220011931126.jpg,SEASON_76950f3b7c29523b5fb3,Matched,StartingPitcher:5,0,,StartingPitcher:5,0,,
2009,SK,Validation,고효준,Starter,Starter,https://www.inven.co.kr/webzine/news/?news=86959,(10)20101220011931126.jpg,SEASON_5ee3c1657009bf26da54,Matched,StartingPitcher:4,0,,StartingPitcher:4,0,,
2009,SK,Validation,채병용,Bullpen,Bullpen,https://www.inven.co.kr/webzine/news/?news=86959,(10)20101220011931126.jpg,SEASON_9da951f2292f190c6ad0,Matched,Bullpen4,0,,Bullpen4,0,,
2009,SK,Validation,전병두,Bullpen,Bullpen,https://www.inven.co.kr/webzine/news/?news=86959,(10)20101220011931126.jpg,SEASON_b3f35c84440a424aa98c,Matched,Closer,1,,Bullpen1,0,,
2009,SK,Validation,엄정욱,Bullpen,Bullpen,https://www.inven.co.kr/webzine/news/?news=86959,(10)20101220011931126.jpg,SEASON_de5422bf8e27c1b4971a,Matched,ReservePitcher:20,1,,ReservePitcher:20,1,,
2009,SK,Validation,윤길현,Bullpen,Bullpen,https://www.inven.co.kr/webzine/news/?news=86959,(10)20101220011931126.jpg,SEASON_02a5708ed95e8cf88bf3,Matched,ReservePitcher:1,1,,ReservePitcher:1,1,,
2009,SK,Validation,정우람,Setup,Setup,https://www.inven.co.kr/webzine/news/?news=86959,(10)20101220011931126.jpg,SEASON_544b174e9070331d01a6,Matched,Bullpen1,1,,Bullpen2,1,,
2009,SK,Validation,정대현,Closer,Closer,https://www.inven.co.kr/webzine/news/?news=86959,(10)20101220011931126.jpg,SEASON_b5e866e0b4203775aabd,Matched,Setup,1,,Closer,0,,
2010,두산,Review,이종욱,Hitter,OF,https://www.inven.co.kr/webzine/news/?news=86959,20110120123525444.jpg,SEASON_f7cadb7a36393df5ead2,Matched,StartingHitter:CF,0,0,StartingHitter:CF,0,0,True
2010,두산,Review,오재원,Hitter,2B,https://www.inven.co.kr/webzine/news/?news=86959,20110120123525444.jpg,SEASON_fa3c809df0603543fb4f,Matched,StartingHitter:2B,0,0,StartingHitter:2B,0,0,True
2010,두산,Review,김현수,Hitter,OF,https://www.inven.co.kr/webzine/news/?news=86959,20110120123525444.jpg,SEASON_6a731a6d531bb1abcda8,Matched,StartingHitter:LF,0,0,StartingHitter:LF,0,0,True
2010,두산,Review,최준석,Hitter,1B,https://www.inven.co.kr/webzine/news/?news=86959,20110120123525444.jpg,SEASON_36042a3d4356d091f0e7,Matched,StartingHitter:1B,0,0,StartingHitter:1B,0,0,True
2010,두산,Review,김동주,Hitter,DH,https://www.inven.co.kr/webzine/news/?news=86959,20110120123525444.jpg,SEASON_63cc60cf2373525a0852,Matched,StartingHitter:DH,0,0,StartingHitter:DH,0,0,True
2010,두산,Review,이성열,Hitter,OF,https://www.inven.co.kr/webzine/news/?news=86959,20110120123525444.jpg,SEASON_aa4582ac47cdc451c18a,Matched,StartingHitter:RF,0,0,StartingHitter:RF,0,0,True
2010,두산,Review,양의지,Hitter,C,https://www.inven.co.kr/webzine/news/?news=86959,20110120123525444.jpg,SEASON_98cfc3cfdd0cbac5ad91,Matched,StartingHitter:C,0,0,StartingHitter:C,0,0,True
2010,두산,Review,손시헌,Hitter,SS,https://www.inven.co.kr/webzine/news/?news=86959,20110120123525444.jpg,SEASON_e01df1740c0309ce9914,Matched,StartingHitter:SS,0,0,StartingHitter:SS,0,0,True
2010,두산,Review,이원석,Hitter,3B,https://www.inven.co.kr/webzine/news/?news=86959,20110120123525444.jpg,SEASON_b95bf1d8350c288f9437,Matched,StartingHitter:3B,0,0,StartingHitter:3B,0,0,True
2010,두산,Review,김선우,Starter,Starter,https://www.inven.co.kr/webzine/news/?news=86959,20110120123525444.jpg,SEASON_11499d75b2513f4a72c4,Matched,StartingPitcher:2,0,,StartingPitcher:2,0,,
2010,두산,Review,히메네스,Starter,Starter,https://www.inven.co.kr/webzine/news/?news=86959,20110120123525444.jpg,SEASON_3dd5c4866f5f0a1416aa,Matched,StartingPitcher:1,0,,StartingPitcher:1,0,,
2010,두산,Review,왈론드,Starter,Starter,https://www.inven.co.kr/webzine/news/?news=86959,20110120123525444.jpg,SEASON_dbd7a33d140831ef7a11,Matched,StartingPitcher:3,0,,StartingPitcher:3,0,,
2010,두산,Review,임태훈,Starter,Starter,https://www.inven.co.kr/webzine/news/?news=86959,20110120123525444.jpg,SEASON_9081c096542ff3552ed2,Matched,StartingPitcher:4,0,,StartingPitcher:4,0,,
2010,두산,Review,이현승,Starter,Starter,https://www.inven.co.kr/webzine/news/?news=86959,20110120123525444.jpg,SEASON_f5e8ffe7322d30ae52d7,Matched,Bullpen2,1,,Bullpen2,1,,
2010,두산,Review,정재훈,Bullpen,Bullpen,https://www.inven.co.kr/webzine/news/?news=86959,20110120123525444.jpg,SEASON_9ea6c3baadb37cd1f6fe,Matched,Setup,1,,Setup,1,,
2010,두산,Review,고창성,Bullpen,Bullpen,https://www.inven.co.kr/webzine/news/?news=86959,20110120123525444.jpg,SEASON_9c1736351c8210bd6f8d,Matched,Bullpen1,0,,Bullpen1,0,,
2010,두산,Review,김승회,Bullpen,Bullpen,https://www.inven.co.kr/webzine/news/?news=86959,20110120123525444.jpg,SEASON_079cd14ac6c98b6e5cdf,Matched,Bullpen3,0,,Bullpen3,0,,
2010,두산,Review,이재학,Bullpen,Bullpen,https://www.inven.co.kr/webzine/news/?news=86959,20110120123525444.jpg,SEASON_0a41abdd4010bb0923c7,Matched,Bullpen4,0,,Bullpen4,0,,
2010,두산,Review,원용묵,Setup,Setup,https://www.inven.co.kr/webzine/news/?news=86959,20110120123525444.jpg,SEASON_1b1c5c1edb262f4adf4f,Matched,ReservePitcher:9,1,,ReservePitcher:9,1,,
2010,두산,Review,이용찬,Closer,Closer,https://www.inven.co.kr/webzine/news/?news=86959,20110120123525444.jpg,SEASON_21ce53bbf74ecf17d9b8,Matched,Closer,0,,Closer,0,,
2008,두산,Validation,이종욱,Hitter,CF,https://www.inven.co.kr/webzine/news/?news=86959,(95)20101217114532467.jpg,SEASON_8abaffe9863a3dbf077b,Matched,StartingHitter:CF,0,0,StartingHitter:CF,0,0,True
2008,두산,Validation,고영민,Hitter,2B,https://www.inven.co.kr/webzine/news/?news=86959,(95)20101217114532467.jpg,SEASON_6a5780dae3b1c0de8750,Matched,StartingHitter:2B,0,0,StartingHitter:2B,0,0,True
2008,두산,Validation,홍성흔,Hitter,DH,https://www.inven.co.kr/webzine/news/?news=86959,(95)20101217114532467.jpg,SEASON_e7eedbbcefa984183989,Matched,StartingHitter:DH,0,0,StartingHitter:DH,0,0,True
2008,두산,Validation,김현수,Hitter,OF,https://www.inven.co.kr/webzine/news/?news=86959,(95)20101217114532467.jpg,SEASON_bde4d98ab6fa52a6b6fe,Matched,StartingHitter:LF,0,0,StartingHitter:LF,0,0,True
2008,두산,Validation,김동주,Hitter,3B,https://www.inven.co.kr/webzine/news/?news=86959,(95)20101217114532467.jpg,SEASON_0028f7afe505798402c1,Matched,StartingHitter:3B,0,0,StartingHitter:3B,0,0,True
2008,두산,Validation,오재원,Hitter,1B,https://www.inven.co.kr/webzine/news/?news=86959,(95)20101217114532467.jpg,SEASON_b0029330250b6bd86e9f,Matched,BenchHitter:2,1,1,StartingHitter:1B,0,0,True
2008,두산,Validation,김재호,Hitter,SS,https://www.inven.co.kr/webzine/news/?news=86959,(95)20101217114532467.jpg,SEASON_e7890bec6bfcfa183323,Matched,BenchHitter:4,1,1,StartingHitter:SS,0,0,True
2008,두산,Validation,채상병,Hitter,C,https://www.inven.co.kr/webzine/news/?news=86959,(95)20101217114532467.jpg,SEASON_8efc2c0f2fd259cef0f6,Matched,BenchHitter:1,1,1,StartingHitter:C,0,0,True
2008,두산,Validation,민병헌,Hitter,RF,https://www.inven.co.kr/webzine/news/?news=86959,(95)20101217114532467.jpg,SEASON_8879d82d316b9e45b39d,Matched,ReserveHitter:10,1,1,ReserveHitter:10,1,1,True
2008,두산,Validation,김선우,Starter,Starter,https://www.inven.co.kr/webzine/news/?news=86959,(95)20101217114532467.jpg,SEASON_b77bf6552884a5a598c7,Matched,StartingPitcher:3,0,,StartingPitcher:3,0,,
2008,두산,Validation,랜들,Starter,Starter,https://www.inven.co.kr/webzine/news/?news=86959,(95)20101217114532467.jpg,SEASON_fb7aec433fa8481648c4,Matched,StartingPitcher:2,0,,StartingPitcher:2,0,,
2008,두산,Validation,이승학,Starter,Starter,https://www.inven.co.kr/webzine/news/?news=86959,(95)20101217114532467.jpg,SEASON_7ae1602afa425dedbeca,Matched,ReservePitcher:7,1,,ReservePitcher:7,1,,
2008,두산,Validation,김명제,Starter,Starter,https://www.inven.co.kr/webzine/news/?news=86959,(95)20101217114532467.jpg,SEASON_b47a7fe5b4c24839aeb8,Matched,StartingPitcher:1,0,,StartingPitcher:1,0,,
2008,두산,Validation,이혜천,Starter,Starter,https://www.inven.co.kr/webzine/news/?news=86959,(95)20101217114532467.jpg,SEASON_f1de725f081bc245a1f5,Matched,StartingPitcher:4,0,,StartingPitcher:4,0,,
2008,두산,Validation,이재우,Bullpen,Bullpen,https://www.inven.co.kr/webzine/news/?news=86959,(95)20101217114532467.jpg,SEASON_85f95020b83a4fcfc356,Matched,Setup,1,,Setup,1,,
2008,두산,Validation,김상현,Bullpen,Bullpen,https://www.inven.co.kr/webzine/news/?news=86959,(95)20101217114532467.jpg,,Unresolved_NoForcedAlias,,,,,,,
2008,두산,Validation,박민석,Bullpen,Bullpen,https://www.inven.co.kr/webzine/news/?news=86959,(95)20101217114532467.jpg,SEASON_f10caaae26d035ac1691,Matched,Bullpen4,0,,Bullpen4,0,,
2008,두산,Validation,임태훈,Bullpen,Bullpen,https://www.inven.co.kr/webzine/news/?news=86959,(95)20101217114532467.jpg,SEASON_cfe441d9efa1e8aaf3c7,Matched,Bullpen3,0,,Bullpen3,0,,
2008,두산,Validation,진야곱,Setup,Setup,https://www.inven.co.kr/webzine/news/?news=86959,(95)20101217114532467.jpg,SEASON_7be8528cff2c2a093ed0,Matched,ReservePitcher:8,1,,ReservePitcher:8,1,,
2008,두산,Validation,정재훈,Closer,Closer,https://www.inven.co.kr/webzine/news/?news=86959,(95)20101217114532467.jpg,SEASON_0c230d026f7117894ca5,Matched,Closer,0,,Closer,0,,
1994,LG,Review,김재현,Hitter,CF,https://www.inven.co.kr/webzine/news/?news=86959,20111122184029948.jpg,SEASON_3e37f20055e4cd75cabf,Matched,StartingHitter:DH,1,0,StartingHitter:DH,1,0,False
1994,LG,Review,유지현,Hitter,SS,https://www.inven.co.kr/webzine/news/?news=86959,20111122184029948.jpg,,Unresolved_NoForcedAlias,,,,,,,False
1994,LG,Review,서용빈,Hitter,1B,https://www.inven.co.kr/webzine/news/?news=86959,20111122184029948.jpg,SEASON_3d1dec1e9c398a11e3b5,Matched,StartingHitter:1B,0,0,StartingHitter:1B,0,0,False
1994,LG,Review,노찬엽,Hitter,LF,https://www.inven.co.kr/webzine/news/?news=86959,20111122184029948.jpg,SEASON_9d3deaa3e98ba048438f,Matched,StartingHitter:SS,1,0,StartingHitter:SS,1,0,False
1994,LG,Review,한대화,Hitter,3B,https://www.inven.co.kr/webzine/news/?news=86959,20111122184029948.jpg,SEASON_f1232fb39cb0c5768d6a,Matched,StartingHitter:3B,0,0,StartingHitter:2B,1,0,False
1994,LG,Review,박준태,Hitter,RF,https://www.inven.co.kr/webzine/news/?news=86959,20111122184029948.jpg,SEASON_7d3436ba7f52bd07019c,Matched,BenchHitter:1,1,1,BenchHitter:1,1,1,False
1994,LG,Review,최훈재,Hitter,DH,https://www.inven.co.kr/webzine/news/?news=86959,20111122184029948.jpg,SEASON_f8e982c6f55b6c09da62,Matched,StartingHitter:2B,1,0,StartingHitter:3B,1,0,False
1994,LG,Review,김동수,Hitter,C,https://www.inven.co.kr/webzine/news/?news=86959,20111122184029948.jpg,SEASON_b591c27d4975009cde5b,Matched,StartingHitter:LF,1,0,StartingHitter:LF,1,0,False
1994,LG,Review,박종호,Hitter,2B,https://www.inven.co.kr/webzine/news/?news=86959,20111122184029948.jpg,SEASON_0f0accafb78c0ca585fc,Matched,StartingHitter:CF,1,0,StartingHitter:CF,1,0,False
1994,LG,Review,신철수,Starter,Starter,https://www.inven.co.kr/webzine/news/?news=86959,20111122184029948.jpg,,Unresolved_NoForcedAlias,,,,,,,
1994,LG,Review,정삼흠,Starter,Starter,https://www.inven.co.kr/webzine/news/?news=86959,20111122184029948.jpg,SEASON_3f7d642e4aceab88021d,Matched,StartingPitcher:3,0,,StartingPitcher:3,0,,
1994,LG,Review,김태원,Starter,Starter,https://www.inven.co.kr/webzine/news/?news=86959,20111122184029948.jpg,SEASON_46e6a5354ebdd8ee48cb,Matched,StartingPitcher:1,0,,StartingPitcher:1,0,,
1994,LG,Review,인현배,Starter,Starter,https://www.inven.co.kr/webzine/news/?news=86959,20111122184029948.jpg,SEASON_0d9a04c4f67462a3721f,Matched,StartingPitcher:4,0,,StartingPitcher:4,0,,
1994,LG,Review,김기범,Starter,Starter,https://www.inven.co.kr/webzine/news/?news=86959,20111122184029948.jpg,SEASON_178beebcaca94b889bb0,Matched,ReservePitcher:2,1,,ReservePitcher:2,1,,
1994,LG,Review,차동철,Bullpen,Bullpen,https://www.inven.co.kr/webzine/news/?news=86959,20111122184029948.jpg,SEASON_6acc9e75666d311b8690,Matched,StartingPitcher:5,1,,StartingPitcher:5,1,,
1994,LG,Review,박철홍,Bullpen,Bullpen,https://www.inven.co.kr/webzine/news/?news=86959,20111122184029948.jpg,SEASON_23185188a66fbd23b268,Matched,Bullpen3,0,,Bullpen3,0,,
1994,LG,Review,민원기,Bullpen,Bullpen,https://www.inven.co.kr/webzine/news/?news=86959,20111122184029948.jpg,SEASON_9a11a5c0a543ab23655b,Matched,Bullpen2,0,,Bullpen2,0,,
1994,LG,Review,차명석,Bullpen,Bullpen,https://www.inven.co.kr/webzine/news/?news=86959,20111122184029948.jpg,SEASON_ff3a71b1157f86656526,Matched,Bullpen4,0,,Bullpen4,0,,
1994,LG,Review,강봉수,Setup,Setup,https://www.inven.co.kr/webzine/news/?news=86959,20111122184029948.jpg,SEASON_2681b1757fc60e137ad5,Matched,Setup,0,,Setup,0,,
1994,LG,Review,김용수,Closer,Closer,https://www.inven.co.kr/webzine/news/?news=86959,20111122184029948.jpg,SEASON_fb4287284a60227e0463,Matched,Closer,0,,Closer,0,,
2007,LG,Validation,이대형,Hitter,OF,https://www.inven.co.kr/webzine/news/?news=86959,(42)20101215151059597.jpg,SEASON_9575c6279ddebca3c5cd,Matched,StartingHitter:CF,0,0,StartingHitter:CF,0,0,True
2007,LG,Validation,박용택,Hitter,OF,https://www.inven.co.kr/webzine/news/?news=86959,(42)20101215151059597.jpg,SEASON_46ca4147b2b3a5709d38,Matched,StartingHitter:LF,0,0,StartingHitter:LF,0,0,True
2007,LG,Validation,이종열,Hitter,2B,https://www.inven.co.kr/webzine/news/?news=86959,(42)20101215151059597.jpg,SEASON_31f700115633d70a45c5,Matched,StartingHitter:DH,1,0,StartingHitter:DH,1,0,True
2007,LG,Validation,최동수,Hitter,1B,https://www.inven.co.kr/webzine/news/?news=86959,(42)20101215151059597.jpg,SEASON_68e8cb25a4e2d5b81c26,Matched,StartingHitter:1B,0,0,StartingHitter:1B,0,0,True
2007,LG,Validation,발데스,Hitter,OF,https://www.inven.co.kr/webzine/news/?news=86959,(42)20101215151059597.jpg,SEASON_1190aaa33e034df7aa2d,Matched,StartingHitter:RF,0,0,StartingHitter:RF,0,0,True
2007,LG,Validation,조인성,Hitter,C,https://www.inven.co.kr/webzine/news/?news=86959,(42)20101215151059597.jpg,SEASON_1b2ec2ce40cc3dfb22d9,Matched,StartingHitter:C,0,0,StartingHitter:C,0,0,True
2007,LG,Validation,정의윤,Hitter,DH,https://www.inven.co.kr/webzine/news/?news=86959,(42)20101215151059597.jpg,SEASON_0d0d3cf0b4a2bd0c825c,Matched,BenchHitter:2,1,1,BenchHitter:2,1,1,True
2007,LG,Validation,김상현,Hitter,3B,https://www.inven.co.kr/webzine/news/?news=86959,(42)20101215151059597.jpg,SEASON_7e0149cd06421ef30a39,Matched,StartingHitter:3B,0,0,StartingHitter:3B,0,0,True
2007,LG,Validation,권용관,Hitter,SS,https://www.inven.co.kr/webzine/news/?news=86959,(42)20101215151059597.jpg,SEASON_6447575b74434cd6df2f,Matched,StartingHitter:SS,0,0,StartingHitter:SS,0,0,True
2007,LG,Validation,박명환,Starter,Starter,https://www.inven.co.kr/webzine/news/?news=86959,(42)20101215151059597.jpg,SEASON_a50bf8b6e236400c38a1,Matched,StartingPitcher:1,0,,StartingPitcher:1,0,,
2007,LG,Validation,옥스프링,Starter,Starter,https://www.inven.co.kr/webzine/news/?news=86959,(42)20101215151059597.jpg,SEASON_ade68ec3a7f283968710,Matched,StartingPitcher:2,0,,StartingPitcher:2,0,,
2007,LG,Validation,봉중근,Starter,Starter,https://www.inven.co.kr/webzine/news/?news=86959,(42)20101215151059597.jpg,SEASON_4ba151982945b8df73aa,Matched,StartingPitcher:5,0,,StartingPitcher:5,0,,
2007,LG,Validation,최원호,Starter,Starter,https://www.inven.co.kr/webzine/news/?news=86959,(42)20101215151059597.jpg,SEASON_58148cda67ed5d15ec01,Matched,StartingPitcher:3,0,,StartingPitcher:3,0,,
2007,LG,Validation,이승호,Starter,Starter,https://www.inven.co.kr/webzine/news/?news=86959,(42)20101215151059597.jpg,SEASON_6f4ee90db89ff3f8172c,Matched,StartingPitcher:4,0,,StartingPitcher:4,0,,
2007,LG,Validation,김민기,Bullpen,Bullpen,https://www.inven.co.kr/webzine/news/?news=86959,(42)20101215151059597.jpg,SEASON_f267d494823989c19e96,Matched,Bullpen2,0,,Bullpen2,0,,
2007,LG,Validation,정재복,Bullpen,Bullpen,https://www.inven.co.kr/webzine/news/?news=86959,(42)20101215151059597.jpg,SEASON_daab01bde6a89ab4375f,Matched,Bullpen1,0,,Bullpen1,0,,
2007,LG,Validation,심수창,Bullpen,Bullpen,https://www.inven.co.kr/webzine/news/?news=86959,(42)20101215151059597.jpg,SEASON_961798ed46e9d6646bd3,Matched,Bullpen3,0,,Bullpen3,0,,
2007,LG,Validation,신윤호,Bullpen,Bullpen,https://www.inven.co.kr/webzine/news/?news=86959,(42)20101215151059597.jpg,SEASON_109ada8c93118ccc1029,Matched,ReservePitcher:2,1,,ReservePitcher:2,1,,
2007,LG,Validation,류택현,Setup,Setup,https://www.inven.co.kr/webzine/news/?news=86959,(42)20101215151059597.jpg,SEASON_4f36ea2a2fddf1561c4b,Matched,Setup,0,,Setup,0,,
2007,LG,Validation,우규민,Closer,Closer,https://www.inven.co.kr/webzine/news/?news=86959,(42)20101215151059597.jpg,SEASON_14f1fcb91d55c13799d7,Matched,Closer,0,,Closer,0,,
2008,우리,Validation,전준호,Hitter,OF,https://www.inven.co.kr/webzine/news/?news=86959,20110202164416359.jpg,,Unresolved_NoForcedAlias,,,,,,,False
2008,우리,Validation,송지만,Hitter,OF,https://www.inven.co.kr/webzine/news/?news=86959,20110202164416359.jpg,SEASON_1505a96d2b09823eef43,Matched,StartingHitter:RF,0,0,StartingHitter:RF,0,0,True
2008,우리,Validation,이택근,Hitter,OF,https://www.inven.co.kr/webzine/news/?news=86959,20110202164416359.jpg,SEASON_20e45d91a23de0c9560d,Matched,StartingHitter:CF,0,0,StartingHitter:CF,0,0,True
2008,우리,Validation,브룸바,Hitter,OF|DH,https://www.inven.co.kr/webzine/news/?news=86959,20110202164416359.jpg,SEASON_09427c05c0c3d3029c27,Matched,StartingHitter:DH,0,0,StartingHitter:DH,0,0,True
2008,우리,Validation,정성훈,Hitter,3B,https://www.inven.co.kr/webzine/news/?news=86959,20110202164416359.jpg,SEASON_1bcbca1e9b32c043a828,Matched,StartingHitter:3B,0,0,StartingHitter:3B,0,0,True
2008,우리,Validation,강정호,Hitter,SS,https://www.inven.co.kr/webzine/news/?news=86959,20110202164416359.jpg,SEASON_129b3fd506b7d58175cd,Matched,StartingHitter:SS,0,0,StartingHitter:SS,0,0,True
2008,우리,Validation,강귀태,Hitter,C,https://www.inven.co.kr/webzine/news/?news=86959,20110202164416359.jpg,SEASON_43f074dc84bb4d420f3c,Matched,StartingHitter:C,0,0,StartingHitter:C,0,0,True
2008,우리,Validation,이숭용,Hitter,1B,https://www.inven.co.kr/webzine/news/?news=86959,20110202164416359.jpg,SEASON_e3d74c80af71f7960e1e,Matched,StartingHitter:1B,0,0,StartingHitter:1B,0,0,True
2008,우리,Validation,김일경,Hitter,2B,https://www.inven.co.kr/webzine/news/?news=86959,20110202164416359.jpg,SEASON_970e5946a30a2403dfdc,Matched,StartingHitter:2B,0,0,StartingHitter:2B,0,0,True
2008,우리,Validation,장원삼,Starter,Starter,https://www.inven.co.kr/webzine/news/?news=86959,20110202164416359.jpg,SEASON_0435b70dedca58347b61,Matched,StartingPitcher:1,0,,StartingPitcher:1,0,,
2008,우리,Validation,마일영,Starter,Starter,https://www.inven.co.kr/webzine/news/?news=86959,20110202164416359.jpg,SEASON_41afa53549a4553d581a,Matched,StartingPitcher:2,0,,StartingPitcher:2,0,,
2008,우리,Validation,황두성,Starter,Starter,https://www.inven.co.kr/webzine/news/?news=86959,20110202164416359.jpg,SEASON_c21e03fd45629bbf158f,Matched,StartingPitcher:4,0,,StartingPitcher:4,0,,
2008,우리,Validation,김수경,Starter,Starter,https://www.inven.co.kr/webzine/news/?news=86959,20110202164416359.jpg,SEASON_0639271adaa1860624be,Matched,StartingPitcher:3,0,,StartingPitcher:3,0,,
2008,우리,Validation,이현승,Starter,Starter,https://www.inven.co.kr/webzine/news/?news=86959,20110202164416359.jpg,SEASON_402d30cc8c935fcba920,Matched,StartingPitcher:5,0,,StartingPitcher:5,0,,
2008,우리,Validation,노환수,Bullpen,Bullpen,https://www.inven.co.kr/webzine/news/?news=86959,20110202164416359.jpg,SEASON_6c124bef2a4f049faaaf,Matched,Bullpen3,0,,Bullpen3,0,,
2008,우리,Validation,김성현,Bullpen,Bullpen,https://www.inven.co.kr/webzine/news/?news=86959,20110202164416359.jpg,SEASON_8396cf5e606ce9ead9cc,Matched,Bullpen2,0,,Bullpen2,0,,
2008,우리,Validation,박준수,Bullpen,Bullpen,https://www.inven.co.kr/webzine/news/?news=86959,20110202164416359.jpg,,Unresolved_NoForcedAlias,,,,,,,
2008,우리,Validation,손승락,Bullpen,Bullpen,https://www.inven.co.kr/webzine/news/?news=86959,20110202164416359.jpg,,Unresolved_NoForcedAlias,,,,,,,
2008,우리,Validation,조용훈,Setup,Setup,https://www.inven.co.kr/webzine/news/?news=86959,20110202164416359.jpg,SEASON_43053d1f2fa2a332afd4,Matched,Setup,0,,Setup,0,,
2008,우리,Validation,다카쓰,Closer,Closer,https://www.inven.co.kr/webzine/news/?news=86959,20110202164416359.jpg,SEASON_50e3be338b5d8044d83f,Matched,Closer,0,,Closer,0,,
