referenceCardId,year,name,team,variant,snapshot,sourceUrl,hasCostConflict,yearSplit,playerType,reference,before,after
PM_50e5248874896be7a92c,1994,가내영,태평양,Unknown,OriginalObserved2011,https://www.inven.co.kr/webzine/news/?news=86963,False,Validation,Pitcher,5,3,3
PM_bbbdba64ea7096a734ae,1994,권준헌,태평양,Unknown,OriginalObserved2011,https://www.inven.co.kr/webzine/news/?news=86963,False,Validation,Hitter,5,4,4
PM_79b31947b810dd06dae8,1994,김경기,태평양,Unknown,OriginalObserved2011,https://www.inven.co.kr/webzine/news/?news=86963,False,Validation,Hitter,8,8,8
PM_1e42004ad248cf49772e,1994,김동기,태평양,Unknown,OriginalObserved2011,https://www.inven.co.kr/webzine/news/?news=86963,False,Validation,Hitter,7,8,8
PM_9688b9c252cd8db3a973,1994,김용국,태평양,Unknown,OriginalObserved2011,https://www.inven.co.kr/webzine/news/?news=86963,False,Validation,Hitter,5,5,5
PM_b860f8c1ec7657a21899,1994,김인호,태평양,Unknown,OriginalObserved2011,https://www.inven.co.kr/webzine/news/?news=86963,False,Validation,Hitter,6,6,6
PM_e3ae453f2b1eb1586dee,1994,김홍집,태평양,Unknown,OriginalObserved2011,https://www.inven.co.kr/webzine/news/?news=86963,False,Validation,Pitcher,8,8,8
PM_12c24f9861280642c161,1994,나성열,태평양,Unknown,OriginalObserved2011,https://www.inven.co.kr/webzine/news/?news=86963,False,Validation,Pitcher,4,3,3
PM_8dd1280c5bf757ac9664,1994,노승욱,태평양,Unknown,OriginalObserved2011,https://www.inven.co.kr/webzine/news/?news=86963,False,Validation,Pitcher,5,4,4
PM_de4b1c4d9641f41b812e,1994,박은진,태평양,Unknown,OriginalObserved2011,https://www.inven.co.kr/webzine/news/?news=86963,False,Validation,Pitcher,6,6,6
PM_e04aae2bf0aa66c45f24,1994,손차훈,태평양,Unknown,OriginalObserved2011,https://www.inven.co.kr/webzine/news/?news=86963,False,Validation,Hitter,5,5,5
PM_aa701406e2dde731f371,1994,안병원,태평양,Unknown,OriginalObserved2011,https://www.inven.co.kr/webzine/news/?news=86963,False,Validation,Pitcher,7,8,8
PM_79b3a0eddc5641f592f4,1994,염경엽,태평양,Unknown,OriginalObserved2011,https://www.inven.co.kr/webzine/news/?news=86963,False,Validation,Hitter,6,6,6
PM_90234b4bfc748832e1fa,1994,윤덕규,태평양,Unknown,OriginalObserved2011,https://www.inven.co.kr/webzine/news/?news=86963,False,Validation,Hitter,8,8,8
PM_215cc9be8ad11b99cd4b,1994,이희성,태평양,Unknown,OriginalObserved2011,https://www.inven.co.kr/webzine/news/?news=86963,False,Validation,Hitter,6,5,5
PM_26c90d233557b87d7253,1994,정명원,태평양,Unknown,OriginalObserved2011,https://www.inven.co.kr/webzine/news/?news=86963,False,Validation,Pitcher,9,8,8
PM_8875e25f278fb8671653,1994,정민태,태평양,Unknown,OriginalObserved2011,https://www.inven.co.kr/webzine/news/?news=86963,False,Validation,Pitcher,7,8,8
PM_47a27ceedce4b995e47d,1994,조웅천,태평양,Unknown,OriginalObserved2011,https://www.inven.co.kr/webzine/news/?news=86963,False,Validation,Pitcher,4,2,2
PM_7a67a928c826e84d31c5,1994,최상덕,태평양,Unknown,OriginalObserved2011,https://www.inven.co.kr/webzine/news/?news=86963,False,Validation,Pitcher,8,8,8
PM_8f935e47d6082e2f3961,1994,최창호,태평양,Unknown,OriginalObserved2011,https://www.inven.co.kr/webzine/news/?news=86963,False,Validation,Pitcher,7,8,8
PM_3ac48ce04022ffa574e8,1995,강길용,OB,Unknown,OriginalObserved2011,https://www.inven.co.kr/webzine/news/?news=86966,False,Train,Pitcher,5,5,5
PM_d7dc1b7138a2df566347,1995,강병규,OB,Unknown,OriginalObserved2011,https://www.inven.co.kr/webzine/news/?news=86966,False,Train,Pitcher,5,6,6
PM_0288737d076f38cb4885,1995,권명철,OB,Unknown,OriginalObserved2011,https://www.inven.co.kr/webzine/news/?news=86966,False,Train,Pitcher,9,9,9
PM_680f6f43e75349ee781c,1995,김경원,OB,Unknown,OriginalObserved2011,https://www.inven.co.kr/webzine/news/?news=86966,False,Train,Pitcher,6,6,6
PM_0f7504695afc9099c1e8,1995,김민호,OB,Unknown,OriginalObserved2011,https://www.inven.co.kr/webzine/news/?news=86966,False,Train,Hitter,6,8,8
PM_8a7dd508e9ea1f929002,1995,김상진,OB,Unknown,OriginalObserved2011,https://www.inven.co.kr/webzine/news/?news=86966,False,Train,Pitcher,10,10,10
PM_cf4b3a48865cf4140c02,1995,김상호,OB,Unknown,OriginalObserved2011,https://www.inven.co.kr/webzine/news/?news=86966,False,Train,Hitter,9,10,10
PM_8f9638f938b1abdbb246,1995,김종석,OB,Unknown,OriginalObserved2011,https://www.inven.co.kr/webzine/news/?news=86966,False,Train,Hitter,7,8,8
PM_131bf1fb3b0adeabf36d,1995,김형석,OB,Unknown,OriginalObserved2011,https://www.inven.co.kr/webzine/news/?news=86966,False,Train,Hitter,7,8,8
PM_0b075cf357ac71effb17,1995,박철순,OB,Unknown,OriginalObserved2011,https://www.inven.co.kr/webzine/news/?news=86966,False,Train,Pitcher,6,6,6
PM_e1dc73020e62f4841048,1995,송재용,OB,Unknown,OriginalObserved2011,https://www.inven.co.kr/webzine/news/?news=86966,False,Train,Pitcher,5,4,4
PM_0aebffe057920a0c0dbb,1995,심정수,OB,Unknown,OriginalObserved2011,https://www.inven.co.kr/webzine/news/?news=86966,False,Train,Hitter,8,8,8
PM_f3767f1d8fd660bb5ab1,1995,안경현,OB,Unknown,OriginalObserved2011,https://www.inven.co.kr/webzine/news/?news=86966,False,Train,Hitter,6,6,6
PM_540d640c356b767cde87,1995,이광우,OB,Unknown,OriginalObserved2011,https://www.inven.co.kr/webzine/news/?news=86966,False,Train,Pitcher,4,1,1
PM_06bb7c606c4279364861,1995,이도형,OB,Unknown,OriginalObserved2011,https://www.inven.co.kr/webzine/news/?news=86966,False,Train,Hitter,7,8,8
PM_154ae7bbe00777d7296e,1995,이명수,OB,Unknown,OriginalObserved2011,https://www.inven.co.kr/webzine/news/?news=86966,False,Train,Hitter,7,8,8
PM_79a3f46c893ee0b0aa51,1995,이용호,OB,Unknown,OriginalObserved2011,https://www.inven.co.kr/webzine/news/?news=86966,False,Train,Pitcher,7,8,8
PM_831ddae98287335a05a0,1995,장원진,OB,Unknown,OriginalObserved2011,https://www.inven.co.kr/webzine/news/?news=86966,False,Train,Hitter,7,8,8
PM_17a82adfa1a7860bad20,1995,장호연,OB,Unknown,OriginalObserved2011,https://www.inven.co.kr/webzine/news/?news=86966,False,Train,Pitcher,5,5,5
PM_e9332cae2cf7a93ba2a6,1995,진필중,OB,Unknown,OriginalObserved2011,https://www.inven.co.kr/webzine/news/?news=86966,False,Train,Pitcher,6,8,8
PM_dc32d670b1149fe4551b,1996,김광림,쌍방울,Unknown,OriginalObserved2011,https://www.inven.co.kr/webzine/news/?news=86966,False,Validation,Hitter,8,8,8
PM_e9db07c04e6ef38033ab,1996,김기덕,쌍방울,Unknown,OriginalObserved2011,https://www.inven.co.kr/webzine/news/?news=86966,False,Validation,Pitcher,6,8,8
PM_9e7031b1f64cf8d786af,1996,김기태,쌍방울,Unknown,OriginalObserved2011,https://www.inven.co.kr/webzine/news/?news=86966,False,Validation,Hitter,7,8,8
PM_c2613080564ccad02896,1996,김민국,쌍방울,Unknown,OriginalObserved2011,https://www.inven.co.kr/webzine/news/?news=86966,False,Validation,Pitcher,5,5,5
PM_b3ff6ca7541c0ae7089f,1996,김실,쌍방울,Unknown,OriginalObserved2011,https://www.inven.co.kr/webzine/news/?news=86966,False,Validation,Hitter,7,8,8
PM_596035937daadf89af84,1996,김원형,쌍방울,Unknown,OriginalObserved2011,https://www.inven.co.kr/webzine/news/?news=86966,False,Validation,Pitcher,6,7,7
PM_46857111bf18ee4a4a40,1996,김현욱,쌍방울,Unknown,OriginalObserved2011,https://www.inven.co.kr/webzine/news/?news=86966,False,Validation,Pitcher,6,8,8
PM_29ae6c9dfcbc78bf63db,1996,김호,쌍방울,Unknown,OriginalObserved2011,https://www.inven.co.kr/webzine/news/?news=86966,False,Validation,Hitter,6,6,6
PM_939ef45dcc36f3bef38c,1996,박경완,쌍방울,Unknown,OriginalObserved2011,https://www.inven.co.kr/webzine/news/?news=86966,False,Validation,Hitter,7,8,8
PM_dfbdb8e36223a1ae074d,1996,박노준,쌍방울,Unknown,OriginalObserved2011,https://www.inven.co.kr/webzine/news/?news=86966,False,Validation,Hitter,6,6,6
PM_2c78ee70e5076aa1aff2,1996,박성기,쌍방울,Unknown,OriginalObserved2011,https://www.inven.co.kr/webzine/news/?news=86966,False,Validation,Pitcher,6,6,6
PM_5630cba23f15528af125,1996,박주언,쌍방울,Unknown,OriginalObserved2011,https://www.inven.co.kr/webzine/news/?news=86966,False,Validation,Pitcher,5,5,5
PM_bbe7aa4228f105baf003,1996,석수철,쌍방울,Unknown,OriginalObserved2011,https://www.inven.co.kr/webzine/news/?news=86966,False,Validation,Hitter,6,6,6
PM_1f2700b5db7ca2519b03,1996,성영재,쌍방울,Unknown,OriginalObserved2011,https://www.inven.co.kr/webzine/news/?news=86966,False,Validation,Pitcher,8,9,9
PM_304c3f6b0200ead2fcf0,1996,심성보,쌍방울,Unknown,OriginalObserved2011,https://www.inven.co.kr/webzine/news/?news=86966,False,Validation,Hitter,7,7,7
PM_d45dbf8b0e68582bad41,1996,오봉옥,쌍방울,Unknown,OriginalObserved2011,https://www.inven.co.kr/webzine/news/?news=86966,False,Validation,Pitcher,7,8,8
PM_64f2e583c83ac9996160,1996,유현승,쌍방울,Unknown,OriginalObserved2011,https://www.inven.co.kr/webzine/news/?news=86966,False,Validation,Pitcher,4,5,5
PM_2a36bd18200d3438b06b,1996,조규제,쌍방울,Unknown,OriginalObserved2011,https://www.inven.co.kr/webzine/news/?news=86966,False,Validation,Pitcher,8,6,6
PM_d3b5bee5e26a49efd0a8,1996,조원우,쌍방울,Unknown,OriginalObserved2011,https://www.inven.co.kr/webzine/news/?news=86966,False,Validation,Hitter,6,6,6
PM_b7bb942a31caf0649b78,1996,최정환,쌍방울,Unknown,OriginalObserved2011,https://www.inven.co.kr/webzine/news/?news=86966,False,Validation,Pitcher,6,6,6
PM_b1b82ad81aa8ca7aa1ff,1996,최태원,쌍방울,Unknown,OriginalObserved2011,https://www.inven.co.kr/webzine/news/?news=86966,False,Validation,Hitter,6,7,7
PM_7f47d488cb746520569c,1997,곽채진,삼성,Unknown,OriginalObserved2011,https://www.inven.co.kr/webzine/news/?news=86966,False,Train,Pitcher,6,6,6
PM_8545f47bd02b0b2017fa,1997,김상엽,삼성,Unknown,OriginalObserved2011,https://www.inven.co.kr/webzine/news/?news=86966,False,Train,Pitcher,8,8,8
PM_e60ebcf390a9ef53a693,1997,김영진,삼성,Unknown,OriginalObserved2011,https://www.inven.co.kr/webzine/news/?news=86966,False,Train,Hitter,5,3,3
PM_5f8e28ee827a5c7f2db5,1997,김태균,삼성,Unknown,OriginalObserved2011,https://www.inven.co.kr/webzine/news/?news=86966,False,Train,Hitter,7,8,8
PM_32705dbcf54f338f32af,1997,김태한,삼성,Unknown,OriginalObserved2011,https://www.inven.co.kr/webzine/news/?news=86966,False,Train,Pitcher,8,8,8
PM_4ca6b81dc6403233ee95,1997,김한수,삼성,Unknown,OriginalObserved2011,https://www.inven.co.kr/webzine/news/?news=86966,False,Train,Hitter,8,8,8
PM_5010eb45bb7e5ea9a05d,1997,류중일,삼성,Unknown,OriginalObserved2011,https://www.inven.co.kr/webzine/news/?news=86966,False,Train,Hitter,6,5,5
PM_be1489555f7d190888ed,1997,박충식,삼성,Unknown,OriginalObserved2011,https://www.inven.co.kr/webzine/news/?news=86966,False,Train,Pitcher,8,8,8
PM_945f0858c84c48a86a30,1997,성준,삼성,Unknown,OriginalObserved2011,https://www.inven.co.kr/webzine/news/?news=86966,False,Train,Pitcher,5,7,7
PM_e21fa5211d834a649df1,1997,신동주,삼성,Unknown,OriginalObserved2011,https://www.inven.co.kr/webzine/news/?news=86966,False,Train,Hitter,9,10,10
PM_f62b22d720e0125829cc,1997,양준혁,삼성,EX,OriginalObserved2011,https://www.inven.co.kr/webzine/news/?news=86966,False,Train,Hitter,10,10,10
PM_118cbc65675e24a5a1a4,1997,이상훈,삼성,Unknown,OriginalObserved2011,https://www.inven.co.kr/webzine/news/?news=86966,False,Train,Pitcher,5,4,4
PM_8c19f7bbfe3a8c78cbc7,1997,이승엽,삼성,Unknown,OriginalObserved2011,https://www.inven.co.kr/webzine/news/?news=86966,False,Train,Hitter,9,10,10
PM_c701c29a42cec8d549a0,1997,전병호,삼성,Unknown,OriginalObserved2011,https://www.inven.co.kr/webzine/news/?news=86966,False,Train,Pitcher,7,6,6
PM_f6c26e17955585792142,1997,정경배,삼성,Unknown,OriginalObserved2011,https://www.inven.co.kr/webzine/news/?news=86966,False,Train,Hitter,8,8,8
PM_3774ee5b388dab8c935c,1997,정성훈,삼성,Unknown,OriginalObserved2011,https://www.inven.co.kr/webzine/news/?news=86966,False,Train,Pitcher,5,5,5
PM_58d12955482f4e622be0,1997,최익성,삼성,Unknown,OriginalObserved2011,https://www.inven.co.kr/webzine/news/?news=86966,False,Train,Hitter,9,10,10
PM_d7bbe05dae0b876d5a95,1997,최창양,삼성,Unknown,OriginalObserved2011,https://www.inven.co.kr/webzine/news/?news=86966,False,Train,Pitcher,5,5,5
PM_1f661ce435ae46d99c70,1997,최한림,삼성,Unknown,OriginalObserved2011,https://www.inven.co.kr/webzine/news/?news=86966,False,Train,Pitcher,4,2,2
PM_32685acb9ba48dd2e546,1997,강태원,해태,Unknown,OriginalObserved2011,https://www.inven.co.kr/webzine/news/?news=86966,False,Train,Pitcher,5,6,6
PM_96ef40072c0ed5ddc1ec,1997,김봉영,해태,Unknown,OriginalObserved2011,https://www.inven.co.kr/webzine/news/?news=86966,False,Train,Pitcher,4,3,3
PM_98345cf5b833171fa34a,1997,김상진,해태,Unknown,OriginalObserved2011,https://www.inven.co.kr/webzine/news/?news=86966,False,Train,Pitcher,7,8,8
PM_193bbdc9b2e0c0d73c21,1997,김정수,해태,Unknown,OriginalObserved2011,https://www.inven.co.kr/webzine/news/?news=86966,False,Train,Pitcher,6,6,6
PM_741f51e5e0d8d57094f7,1997,김종국,해태,Unknown,OriginalObserved2011,https://www.inven.co.kr/webzine/news/?news=86966,False,Train,Hitter,6,6,6
PM_c1542fb81007438d4015,1997,김창희,해태,Unknown,OriginalObserved2011,https://www.inven.co.kr/webzine/news/?news=86966,False,Train,Hitter,7,7,7
PM_77b37927ce31ba3bfc1d,1997,오철민,해태,Unknown,OriginalObserved2011,https://www.inven.co.kr/webzine/news/?news=86966,False,Train,Pitcher,4,2,2
PM_0c54a90b064a9113b39f,1997,이강철,해태,Unknown,OriginalObserved2011,https://www.inven.co.kr/webzine/news/?news=86966,False,Train,Pitcher,9,9,9
PM_7aba69c88fa94f7f8598,1997,이대진,해태,Unknown,OriginalObserved2011,https://www.inven.co.kr/webzine/news/?news=86966,False,Train,Pitcher,10,9,9
PM_cdd5fdbcd1db065e5c44,1997,이순철,해태,Unknown,OriginalObserved2011,https://www.inven.co.kr/webzine/news/?news=86966,False,Train,Hitter,6,5,5
PM_595299a45ea2b552d2a3,1997,이원식,해태,Unknown,OriginalObserved2011,https://www.inven.co.kr/webzine/news/?news=86966,False,Train,Pitcher,5,6,6
PM_d5a99b271710851a4b72,1997,이재만,해태,Unknown,OriginalObserved2011,https://www.inven.co.kr/webzine/news/?news=86966,False,Train,Pitcher,4,3,3
PM_f021b933c10029c24d9c,1997,이종범,해태,Unknown,OriginalObserved2011,https://www.inven.co.kr/webzine/news/?news=86966,False,Train,Hitter,10,10,10
PM_6bd7dedc4dcc7e9c879c,1997,임창용,해태,Unknown,OriginalObserved2011,https://www.inven.co.kr/webzine/news/?news=86966,False,Train,Pitcher,8,8,8
PM_ec3fe5ae8c73c17c7124,1997,장성호,해태,Unknown,OriginalObserved2011,https://www.inven.co.kr/webzine/news/?news=86966,False,Train,Hitter,6,6,6
PM_016f10d117c002ff5c77,1997,조계현,해태,Unknown,OriginalObserved2011,https://www.inven.co.kr/webzine/news/?news=86966,False,Train,Pitcher,6,8,8
PM_d61e1543c860aabcda40,1997,최해식,해태,Unknown,OriginalObserved2011,https://www.inven.co.kr/webzine/news/?news=86966,False,Train,Hitter,6,5,5
PM_a77ccd2ed2117d2b6168,1997,최훈재,해태,Unknown,OriginalObserved2011,https://www.inven.co.kr/webzine/news/?news=86966,False,Train,Hitter,8,8,8
PM_24f02d66901f03f36758,1997,홍현우,해태,Unknown,OriginalObserved2011,https://www.inven.co.kr/webzine/news/?news=86966,False,Train,Hitter,8,8,8
PM_8c699f53994910585100,1998,김경기,현대,Unknown,OriginalObserved2011,https://www.inven.co.kr/webzine/news/?news=86966,False,Holdout,Hitter,7,8,8
PM_d7bf8e866becc24ce4bd,1998,김광림,현대,Unknown,OriginalObserved2011,https://www.inven.co.kr/webzine/news/?news=86966,False,Holdout,Hitter,6,5,5
PM_294b02aa3ce84d423e11,1998,김수경,현대,Unknown,OriginalObserved2011,https://www.inven.co.kr/webzine/news/?news=86966,False,Holdout,Pitcher,9,8,8
PM_a00da82abd06c6df8867,1998,김익재,현대,Unknown,OriginalObserved2011,https://www.inven.co.kr/webzine/news/?news=86966,False,Holdout,Pitcher,4,1,1
PM_0ee975fe4248ddc1801f,1998,김홍집,현대,Unknown,OriginalObserved2011,https://www.inven.co.kr/webzine/news/?news=86966,False,Holdout,Pitcher,4,2,2
PM_6603435dae0f4504f980,1998,박경완,현대,Unknown,OriginalObserved2011,https://www.inven.co.kr/webzine/news/?news=86966,False,Holdout,Hitter,6,8,8
PM_86a6b2eb718b2cc2a59c,1998,박재홍,현대,Unknown,OriginalObserved2011,https://www.inven.co.kr/webzine/news/?news=86966,False,Holdout,Hitter,9,8,8
PM_e66b058a5684232ee816,1998,박진만,현대,Unknown,OriginalObserved2011,https://www.inven.co.kr/webzine/news/?news=86966,False,Holdout,Hitter,5,5,5
PM_3b74645842117dd2dd78,1998,스트롱,현대,Unknown,OriginalObserved2011,https://www.inven.co.kr/webzine/news/?news=86966,False,Holdout,Pitcher,8,6,6
PM_f9baa1f55e9970df870a,1998,위재영,현대,Unknown,OriginalObserved2011,https://www.inven.co.kr/webzine/news/?news=86966,False,Holdout,Pitcher,7,8,8
PM_a04cace78e85325fe30f,1998,이명수,현대,Unknown,OriginalObserved2011,https://www.inven.co.kr/webzine/news/?news=86966,False,Holdout,Hitter,7,8,8
PM_1be5bbef27136ab4da83,1998,이숭용,현대,Unknown,OriginalObserved2011,https://www.inven.co.kr/webzine/news/?news=86966,False,Holdout,Hitter,7,8,8
PM_ede2ad0a07fd707c00be,1998,전준호,현대,Unknown,OriginalObserved2011,https://www.inven.co.kr/webzine/news/?news=86966,False,Holdout,Hitter,9,8,8
PM_bf1675db21156374d642,1998,정명원,현대,Unknown,OriginalObserved2011,https://www.inven.co.kr/webzine/news/?news=86966,False,Holdout,Pitcher,10,10,10
PM_e09aa8b794f4bd4278df,1998,정민태,현대,Unknown,OriginalObserved2011,https://www.inven.co.kr/webzine/news/?news=86966,False,Holdout,Pitcher,10,10,10
PM_96ffb518d0b48f01fed1,1998,조규제,현대,Unknown,OriginalObserved2011,https://www.inven.co.kr/webzine/news/?news=86966,False,Holdout,Pitcher,5,5,5
PM_9c69a49987dbfcdf1076,1998,조웅천,현대,Unknown,OriginalObserved2011,https://www.inven.co.kr/webzine/news/?news=86966,False,Holdout,Pitcher,5,5,5
PM_34ce4da7281437c64e59,1998,최원호,현대,Unknown,OriginalObserved2011,https://www.inven.co.kr/webzine/news/?news=86966,False,Holdout,Pitcher,8,8,8
PM_1e03bf07ddb88754786c,1998,쿨바,현대,Unknown,OriginalObserved2011,https://www.inven.co.kr/webzine/news/?news=86966,False,Holdout,Hitter,9,10,10
PM_1853e4fdbd3ec9c84686,1999,김기태,삼성,Unknown,OriginalObserved2011,https://www.inven.co.kr/webzine/news/?news=86951,False,Train,Hitter,7,8,8
PM_5fba6cb31bda1e8d1c26,1999,김상진,삼성,Unknown,OriginalObserved2011,https://www.inven.co.kr/webzine/news/?news=86951,False,Train,Pitcher,7,8,8
PM_6bad3bbf80375afee2e8,1999,김영진,삼성,Unknown,OriginalObserved2011,https://www.inven.co.kr/webzine/news/?news=86951,False,Train,Hitter,4,3,3
PM_ff785303e0241bd4b154,1999,김진웅,삼성,Unknown,OriginalObserved2011,https://www.inven.co.kr/webzine/news/?news=86951,False,Train,Pitcher,7,8,8
PM_0c4455cc1c2cada9ec6a,1999,김태균,삼성,Unknown,OriginalObserved2011,https://www.inven.co.kr/webzine/news/?news=86951,False,Train,Hitter,6,6,6
PM_482253415df074a97c4a,1999,김한수,삼성,Unknown,OriginalObserved2011,https://www.inven.co.kr/webzine/news/?news=86951,False,Train,Hitter,8,8,8
PM_6170168da7d04846be7d,1999,김현욱,삼성,Unknown,OriginalObserved2011,https://www.inven.co.kr/webzine/news/?news=86951,False,Train,Pitcher,5,7,7
PM_c1ef49eb0cbb958e4887,1999,노장진,삼성,Unknown,OriginalObserved2011,https://www.inven.co.kr/webzine/news/?news=86951,False,Train,Pitcher,8,8,8
PM_816907816ae1d73173de,1999,박동희,삼성,Unknown,OriginalObserved2011,https://www.inven.co.kr/webzine/news/?news=86951,False,Train,Pitcher,3,1,1
PM_fef73dfe6bb5afd2bf04,1999,스미스,삼성,Unknown,OriginalObserved2011,https://www.inven.co.kr/webzine/news/?news=86951,False,Train,Hitter,8,8,8
PM_dd835426f01fe62ae803,1999,신동주,삼성,Unknown,OriginalObserved2011,https://www.inven.co.kr/webzine/news/?news=86951,False,Train,Hitter,8,8,8
PM_d090612cae21e191cb5f,1999,이승엽,삼성,EX,OriginalObserved2011,https://www.inven.co.kr/webzine/news/?news=86951,False,Train,Hitter,10,10,10
PM_93ef1dd11e3bf83e88fc,1999,임창용,삼성,Unknown,OriginalObserved2011,https://www.inven.co.kr/webzine/news/?news=86951,False,Train,Pitcher,9,10,10
PM_0f0e350b0c9843b04424,1999,전병호,삼성,Unknown,OriginalObserved2011,https://www.inven.co.kr/webzine/news/?news=86951,False,Train,Pitcher,5,5,5
PM_f667112736379c6e223b,1999,정경배,삼성,Unknown,OriginalObserved2011,https://www.inven.co.kr/webzine/news/?news=86951,False,Train,Hitter,8,8,8
PM_3f1e4bf8bb9aa1aaaee5,1999,정현욱,삼성,Unknown,OriginalObserved2011,https://www.inven.co.kr/webzine/news/?news=86951,False,Train,Pitcher,5,6,6
PM_f35dcceb34ff5170ebaa,1999,홀,삼성,Unknown,OriginalObserved2011,https://www.inven.co.kr/webzine/news/?news=86951,False,Train,Hitter,5,6,6
PM_a43baa8e18100731b6a6,2000,김기태,삼성,Unknown,OriginalObserved2011,https://www.inven.co.kr/webzine/news/?news=86951,False,Train,Hitter,7,8,8
PM_6ef40dceca22723fd274,2000,김상진,삼성,Unknown,OriginalObserved2011,https://www.inven.co.kr/webzine/news/?news=86951,False,Train,Pitcher,5,7,7
PM_7d4aa748ef1eedbc8475,2000,김진웅,삼성,Unknown,OriginalObserved2011,https://www.inven.co.kr/webzine/news/?news=86951,False,Train,Pitcher,6,8,8
PM_67a575e0c01c0fac5434,2000,김태균,삼성,Unknown,OriginalObserved2011,https://www.inven.co.kr/webzine/news/?news=86951,False,Train,Hitter,5,6,6
PM_d783f4c26759422e24ee,2000,김태한,삼성,Unknown,OriginalObserved2011,https://www.inven.co.kr/webzine/news/?news=86951,False,Train,Pitcher,4,3,3
PM_8157fd224b72894be6fc,2000,김한수,삼성,Unknown,OriginalObserved2011,https://www.inven.co.kr/webzine/news/?news=86951,False,Train,Hitter,5,7,7
PM_9aa75036abe1dfcddefa,2000,김현욱,삼성,Unknown,OriginalObserved2011,https://www.inven.co.kr/webzine/news/?news=86951,False,Train,Pitcher,5,8,8
PM_3f8ce4c2d9a17dc690fd,2000,노장진,삼성,Unknown,OriginalObserved2011,https://www.inven.co.kr/webzine/news/?news=86951,False,Train,Pitcher,5,7,7
PM_98d35005b7a4c58693d6,2000,박동희,삼성,Unknown,OriginalObserved2011,https://www.inven.co.kr/webzine/news/?news=86951,False,Train,Pitcher,4,4,4
PM_aefaee02442ab0937690,2000,신동주,삼성,Unknown,OriginalObserved2011,https://www.inven.co.kr/webzine/news/?news=86951,False,Train,Hitter,6,6,6
PM_46ac647f94b99474e661,2000,이승엽,삼성,Unknown,OriginalObserved2011,https://www.inven.co.kr/webzine/news/?news=86951,False,Train,Hitter,8,10,10
PM_5be29aa5a94bd96dc5a0,2000,이용훈,삼성,Unknown,OriginalObserved2011,https://www.inven.co.kr/webzine/news/?news=86951,False,Train,Pitcher,4,6,6
PM_16b47419f532120b1e28,2000,임창용,삼성,Unknown,OriginalObserved2011,https://www.inven.co.kr/webzine/news/?news=86951,False,Train,Pitcher,8,8,8
PM_f8261274f866d230b32e,2000,정경배,삼성,Unknown,OriginalObserved2011,https://www.inven.co.kr/webzine/news/?news=86951,False,Train,Hitter,5,8,8
PM_2cb0f83e0fc6ae165aa3,2000,진갑용,삼성,Unknown,OriginalObserved2011,https://www.inven.co.kr/webzine/news/?news=86951,False,Train,Hitter,6,6,6
PM_1d4ba855498dc51f554f,2000,최창양,삼성,Unknown,OriginalObserved2011,https://www.inven.co.kr/webzine/news/?news=86951,False,Train,Pitcher,3,4,4
PM_faa341792ce4c433c986,2000,프랑코,삼성,Unknown,OriginalObserved2011,https://www.inven.co.kr/webzine/news/?news=86951,False,Train,Hitter,8,8,8
PM_163a099579002e359bd1,2000,김민범,현대,Unknown,OriginalObserved2011,https://www.inven.co.kr/webzine/news/?news=86966,False,Train,Pitcher,3,1,1
PM_1730ebd27b25707aac04,2000,김수경,현대,Unknown,OriginalObserved2011,https://www.inven.co.kr/webzine/news/?news=86966,False,Train,Pitcher,8,8,8
PM_17a4eb4fb373a3b9a6f2,2000,마일영,현대,Unknown,OriginalObserved2011,https://www.inven.co.kr/webzine/news/?news=86966,False,Train,Pitcher,5,6,6
PM_7370e63220bc790e4ca5,2000,박경완,현대,Unknown,OriginalObserved2011,https://www.inven.co.kr/webzine/news/?news=86966,False,Train,Hitter,9,8,8
PM_5571defb3c4b4bc2c3e5,2000,박장희,현대,Unknown,OriginalObserved2011,https://www.inven.co.kr/webzine/news/?news=86966,False,Train,Pitcher,6,8,8
PM_45f0b843f1c9fc387acf,2000,박재홍,현대,Unknown,OriginalObserved2011,https://www.inven.co.kr/webzine/news/?news=86966,False,Train,Hitter,10,10,10
PM_da0b742ec378785ba681,2000,박종호,현대,Unknown,OriginalObserved2011,https://www.inven.co.kr/webzine/news/?news=86966,False,Train,Hitter,7,8,8
PM_6e8b24f3fd494aeb6bca,2000,박진만,현대,Unknown,OriginalObserved2011,https://www.inven.co.kr/webzine/news/?news=86966,False,Train,Hitter,5,8,8
PM_99a754cdc35952d92749,2000,신철인,현대,Unknown,OriginalObserved2011,https://www.inven.co.kr/webzine/news/?news=86966,False,Train,Pitcher,5,5,5
PM_808bfc6fc3d12c5c7795,2000,심재학,현대,Unknown,OriginalObserved2011,https://www.inven.co.kr/webzine/news/?news=86966,False,Train,Hitter,7,8,8
PM_bc9001f43a178b04334e,2000,위재영,현대,Unknown,OriginalObserved2011,https://www.inven.co.kr/webzine/news/?news=86966,False,Train,Pitcher,7,8,8
PM_ed747109b0ba26738554,2000,이명수,현대,Unknown,OriginalObserved2011,https://www.inven.co.kr/webzine/news/?news=86966,False,Train,Hitter,4,6,6
PM_b0455aa4970aab4b7a51,2000,이숭용,현대,Unknown,OriginalObserved2011,https://www.inven.co.kr/webzine/news/?news=86966,False,Train,Hitter,6,7,7
PM_45ef0be04c17afb40e22,2000,이용주,현대,Unknown,OriginalObserved2011,https://www.inven.co.kr/webzine/news/?news=86966,False,Train,Hitter,1,1,1
PM_acd954dddd2c51f2be33,2000,임선동,현대,Unknown,OriginalObserved2011,https://www.inven.co.kr/webzine/news/?news=86966,False,Train,Pitcher,10,9,9
PM_efca5fc282777f984df5,2000,전준호,현대,Unknown,OriginalObserved2011,https://www.inven.co.kr/webzine/news/?news=86966,False,Train,Hitter,8,6,6
PM_6696a0d27529981e32a8,2000,전준호,현대,Unknown,OriginalObserved2011,https://www.inven.co.kr/webzine/news/?news=86966,False,Train,Pitcher,4,5,5
PM_5bad5305e89bbe1874fb,2000,정명원,현대,Unknown,OriginalObserved2011,https://www.inven.co.kr/webzine/news/?news=86966,False,Train,Pitcher,5,6,6
PM_ebd1e18dc6665854c898,2000,정민태,현대,Unknown,OriginalObserved2011,https://www.inven.co.kr/webzine/news/?news=86966,False,Train,Pitcher,9,9,9
PM_e6515bd3a03de668ee4c,2000,조웅천,현대,Unknown,OriginalObserved2011,https://www.inven.co.kr/webzine/news/?news=86966,False,Train,Pitcher,5,8,8
PM_028f3ac9351a9ffccced,2000,퀸란,현대,Unknown,OriginalObserved2011,https://www.inven.co.kr/webzine/news/?news=86966,False,Train,Hitter,8,8,8
PM_958286bf74e8c9759d3e,2001,갈베스,삼성,Unknown,OriginalObserved2011,https://www.inven.co.kr/webzine/news/?news=86951,False,Train,Pitcher,8,8,8
PM_383129c2b7d7d26c0a3e,2001,강동우,삼성,Unknown,OriginalObserved2011,https://www.inven.co.kr/webzine/news/?news=86951,False,Train,Hitter,5,6,6
PM_c32f0826ded5a34eb0e5,2001,김승관,삼성,Unknown,OriginalObserved2011,https://www.inven.co.kr/webzine/news/?news=86951,False,Train,Hitter,5,1,1
PM_88eb099ff3e10b91dd8e,2001,김진웅,삼성,Unknown,OriginalObserved2011,https://www.inven.co.kr/webzine/news/?news=86951,False,Train,Pitcher,6,8,8
PM_3664360c0013ab79808e,2001,김한수,삼성,Unknown,OriginalObserved2011,https://www.inven.co.kr/webzine/news/?news=86951,False,Train,Hitter,6,8,8
PM_b159834633883af58f5f,2001,김현욱,삼성,Unknown,OriginalObserved2011,https://www.inven.co.kr/webzine/news/?news=86951,False,Train,Pitcher,5,7,7
PM_28a7a33514c07ea7e158,2001,리베라,삼성,Unknown,OriginalObserved2011,https://www.inven.co.kr/webzine/news/?news=86951,False,Train,Pitcher,5,6,6
PM_a0bda570694e849dabf4,2001,마르티네스,삼성,Unknown,OriginalObserved2011,https://www.inven.co.kr/webzine/news/?news=86951,False,Train,Hitter,9,8,8
PM_f8c8f65d440571b3773a,2001,마해영,삼성,Unknown,OriginalObserved2011,https://www.inven.co.kr/webzine/news/?news=86951,False,Train,Hitter,7,10,10
PM_98772b39af3351e577e3,2001,박정환,삼성,Unknown,OriginalObserved2011,https://www.inven.co.kr/webzine/news/?news=86951,False,Train,Hitter,4,5,5
PM_0ac8c6b59a2f51386efb,2001,박한이,삼성,Unknown,OriginalObserved2011,https://www.inven.co.kr/webzine/news/?news=86951,False,Train,Hitter,7,8,8
PM_c1a96326e385c9658a39,2001,배영수,삼성,Unknown,OriginalObserved2011,https://www.inven.co.kr/webzine/news/?news=86951,False,Train,Pitcher,8,8,8
PM_934f78dbc665755ae1d8,2001,이승엽,삼성,Unknown,OriginalObserved2011,https://www.inven.co.kr/webzine/news/?news=86951,False,Train,Hitter,6,10,10
PM_cda1a5b34bd7c14d8897,2001,이용훈,삼성,Unknown,OriginalObserved2011,https://www.inven.co.kr/webzine/news/?news=86951,False,Train,Pitcher,4,5,5
PM_779dc87257d7e41875e4,2001,이정호,삼성,Unknown,OriginalObserved2011,https://www.inven.co.kr/webzine/news/?news=86951,False,Train,Pitcher,3,1,1
PM_5741bace70f0dae0b51b,2001,임창용,삼성,Unknown,OriginalObserved2011,https://www.inven.co.kr/webzine/news/?news=86951,False,Train,Pitcher,7,9,9
PM_b8f0956fe80109d9559c,2001,전병호,삼성,Unknown,OriginalObserved2011,https://www.inven.co.kr/webzine/news/?news=86951,False,Train,Pitcher,5,4,4
PM_a0c3cdbe8984bfc1f343,2001,진갑용,삼성,Unknown,OriginalObserved2011,https://www.inven.co.kr/webzine/news/?news=86951,False,Train,Hitter,6,7,7
PM_4bdd055a313248463223,2002,강동우,삼성,Unknown,OriginalObserved2011,https://www.inven.co.kr/webzine/news/?news=86951,False,Holdout,Hitter,6,8,8
PM_98a653d570c6d517966d,2002,강영식,삼성,Unknown,OriginalObserved2011,https://www.inven.co.kr/webzine/news/?news=86951,False,Holdout,Pitcher,5,6,6
PM_12e88d3b95faee7b8112,2002,김진웅,삼성,Unknown,OriginalObserved2011,https://www.inven.co.kr/webzine/news/?news=86951,False,Holdout,Pitcher,3,3,3
PM_76aebecf8cfc935de5f9,2002,김한수,삼성,Unknown,OriginalObserved2011,https://www.inven.co.kr/webzine/news/?news=86951,False,Holdout,Hitter,8,8,8
PM_51e875db81aa08fe390a,2002,김현욱,삼성,Unknown,OriginalObserved2011,https://www.inven.co.kr/webzine/news/?news=86951,False,Holdout,Pitcher,5,8,8
PM_c6ab37ebdd33aada6a2a,2002,노병오,삼성,Unknown,OriginalObserved2011,https://www.inven.co.kr/webzine/news/?news=86951,False,Holdout,Pitcher,4,5,5
PM_8aa9fc7df81a4270251c,2002,노장진,삼성,Unknown,OriginalObserved2011,https://www.inven.co.kr/webzine/news/?news=86951,False,Holdout,Pitcher,7,8,8
PM_5cd3702db9a73a358d6d,2002,마해영,삼성,Unknown,OriginalObserved2011,https://www.inven.co.kr/webzine/news/?news=86951,False,Holdout,Hitter,7,10,10
PM_c08639bcd1cd28367e4b,2002,박정환,삼성,Unknown,OriginalObserved2011,https://www.inven.co.kr/webzine/news/?news=86951,False,Holdout,Hitter,5,6,6
PM_e2c3278b111c6924fca5,2002,박한이,삼성,Unknown,OriginalObserved2011,https://www.inven.co.kr/webzine/news/?news=86951,False,Holdout,Hitter,6,8,8
PM_a1f03a88c47dfa472810,2002,배영수,삼성,Unknown,OriginalObserved2011,https://www.inven.co.kr/webzine/news/?news=86951,False,Holdout,Pitcher,4,4,4
PM_d8269db0bfa0998f6115,2002,브리또,삼성,Unknown,OriginalObserved2011,https://www.inven.co.kr/webzine/news/?news=86951,False,Holdout,Hitter,7,8,8
PM_43ef8721642f98121a6b,2002,양준혁,삼성,Unknown,OriginalObserved2011,https://www.inven.co.kr/webzine/news/?news=86951,False,Holdout,Hitter,6,8,8
PM_d110c53ac6f89a16adcc,2002,엘비라,삼성,Unknown,OriginalObserved2011,https://www.inven.co.kr/webzine/news/?news=86951,False,Holdout,Pitcher,9,8,8
PM_68942349cea654c5080c,2002,오상민,삼성,Unknown,OriginalObserved2011,https://www.inven.co.kr/webzine/news/?news=86951,False,Holdout,Pitcher,4,5,5
PM_89abc4f9f17960a20f12,2002,이승엽,삼성,Unknown,OriginalObserved2011,https://www.inven.co.kr/webzine/news/?news=86951,False,Holdout,Hitter,9,10,10
PM_1ae712aee3d2328c3249,2002,임창용,삼성,Unknown,OriginalObserved2011,https://www.inven.co.kr/webzine/news/?news=86951,False,Holdout,Pitcher,8,10,10
PM_129276bba438d3a67bbc,2002,전병호,삼성,Unknown,OriginalObserved2011,https://www.inven.co.kr/webzine/news/?news=86951,False,Holdout,Pitcher,4,6,6
PM_d62bd618264594a382c0,2002,진갑용,삼성,Unknown,OriginalObserved2011,https://www.inven.co.kr/webzine/news/?news=86951,False,Holdout,Hitter,6,8,8
PM_faac35ec03a34cb8fe8e,2002,현재윤,삼성,Unknown,OriginalObserved2011,https://www.inven.co.kr/webzine/news/?news=86951,False,Holdout,Hitter,3,2,2
PM_3434f292f9472a0e7688,2003,강철민,KIA,Unknown,OriginalObserved2011,https://www.inven.co.kr/webzine/news/?news=86963,False,Train,Pitcher,4,5,5
PM_5ae26082bbd8aded057a,2003,고우석,KIA,Unknown,OriginalObserved2011,https://www.inven.co.kr/webzine/news/?news=86963,False,Train,Pitcher,4,5,5
PM_0dad8f426a415a06ea62,2003,김경언,KIA,Unknown,OriginalObserved2011,https://www.inven.co.kr/webzine/news/?news=86963,False,Train,Hitter,5,6,6
PM_710fd033d66338e4ee8e,2003,김상훈,KIA,Unknown,OriginalObserved2011,https://www.inven.co.kr/webzine/news/?news=86963,False,Train,Hitter,5,7,7
PM_67757ad5c7ee5838f187,2003,김종국,KIA,Unknown,OriginalObserved2011,https://www.inven.co.kr/webzine/news/?news=86963,False,Train,Hitter,6,8,8
PM_f96b443da27c085a7617,2003,김진우,KIA,Unknown,OriginalObserved2011,https://www.inven.co.kr/webzine/news/?news=86963,False,Train,Pitcher,9,8,8
PM_cb820a3ae5d09c6f234c,2003,리오스,KIA,Unknown,OriginalObserved2011,https://www.inven.co.kr/webzine/news/?news=86963,False,Train,Pitcher,7,8,8
PM_b018323ea1b63c63141b,2003,박재홍,KIA,Unknown,OriginalObserved2011,https://www.inven.co.kr/webzine/news/?news=86963,False,Train,Hitter,8,8,8
PM_f0d92945d79262501ffb,2003,서동욱,KIA,Unknown,OriginalObserved2011,https://www.inven.co.kr/webzine/news/?news=86963,False,Train,Hitter,3,2,2
PM_c6db2a5c84d8e3956905,2003,신동주,KIA,Unknown,OriginalObserved2011,https://www.inven.co.kr/webzine/news/?news=86963,False,Train,Hitter,5,5,5
PM_e82ee00ce5867f6b6e0f,2003,신용운,KIA,Unknown,OriginalObserved2011,https://www.inven.co.kr/webzine/news/?news=86963,False,Train,Pitcher,6,8,8
PM_c999c998d9dfaea9565d,2003,엄정대,KIA,Unknown,OriginalObserved2011,https://www.inven.co.kr/webzine/news/?news=86963,False,Train,Hitter,3,1,1
PM_b6fc3051846a324c307a,2003,오철민,KIA,Unknown,OriginalObserved2011,https://www.inven.co.kr/webzine/news/?news=86963,False,Train,Pitcher,6,4,4
PM_97d1ee21e73b7ff6d00d,2003,이강철,KIA,Unknown,OriginalObserved2011,https://www.inven.co.kr/webzine/news/?news=86963,False,Train,Pitcher,7,7,7
PM_3b603a5a0df8517124ab,2003,이원식,KIA,Unknown,OriginalObserved2011,https://www.inven.co.kr/webzine/news/?news=86963,False,Train,Pitcher,4,5,5
PM_06cfefe71989fb8cd45e,2003,이종범,KIA,Unknown,OriginalObserved2011,https://www.inven.co.kr/webzine/news/?news=86963,False,Train,Hitter,9,10,10
PM_25b30e719e8f955a544b,2003,이현곤,KIA,Unknown,OriginalObserved2011,https://www.inven.co.kr/webzine/news/?news=86963,False,Train,Hitter,5,6,6
PM_d319a9fa6fa399b9b319,2003,장성호,KIA,Unknown,OriginalObserved2011,https://www.inven.co.kr/webzine/news/?news=86963,False,Train,Hitter,9,10,10
PM_15a3cae95449b1fc0e82,2003,존슨,KIA,Unknown,OriginalObserved2011,https://www.inven.co.kr/webzine/news/?news=86963,False,Train,Pitcher,6,6,6
PM_5f395ac2b38db9af5525,2003,진필중,KIA,Unknown,OriginalObserved2011,https://www.inven.co.kr/webzine/news/?news=86963,False,Train,Pitcher,5,6,6
PM_81a25d522b6d0e4bb034,2003,최상덕,KIA,Unknown,OriginalObserved2011,https://www.inven.co.kr/webzine/news/?news=86963,False,Train,Pitcher,8,8,8
PM_58e64313d76b471d0808,2003,홍세완,KIA,Unknown,OriginalObserved2011,https://www.inven.co.kr/webzine/news/?news=86963,False,Train,Hitter,8,8,8
PM_e20bd4adcf1810577812,2003,강동우,삼성,Unknown,OriginalObserved2011,https://www.inven.co.kr/webzine/news/?news=86951,False,Train,Hitter,6,8,8
PM_ed1a9f24fc64577ddfd1,2003,강영식,삼성,Unknown,OriginalObserved2011,https://www.inven.co.kr/webzine/news/?news=86951,False,Train,Pitcher,4,4,4
PM_ce8465753ee434cc4455,2003,권오준,삼성,Unknown,OriginalObserved2011,https://www.inven.co.kr/webzine/news/?news=86951,False,Train,Pitcher,4,4,4
PM_73d094babc3f07533fcd,2003,김진웅,삼성,Unknown,OriginalObserved2011,https://www.inven.co.kr/webzine/news/?news=86951,False,Train,Pitcher,5,8,8
PM_588de7c770c6d26fd812,2003,김한수,삼성,Unknown,OriginalObserved2011,https://www.inven.co.kr/webzine/news/?news=86951,False,Train,Hitter,7,8,8
PM_2bb3988985056e0666eb,2003,김현욱,삼성,Unknown,OriginalObserved2011,https://www.inven.co.kr/webzine/news/?news=86951,False,Train,Pitcher,6,8,8
PM_9cfb0ae33c98eabf6368,2003,노장진,삼성,Unknown,OriginalObserved2011,https://www.inven.co.kr/webzine/news/?news=86951,False,Train,Pitcher,5,6,6
PM_f3598630ddf1c2069d04,2003,라이언,삼성,Unknown,OriginalObserved2011,https://www.inven.co.kr/webzine/news/?news=86951,False,Train,Pitcher,3,4,4
PM_99c8425fd892970df0a2,2003,마해영,삼성,Unknown,OriginalObserved2011,https://www.inven.co.kr/webzine/news/?news=86951,False,Train,Hitter,6,10,10
PM_09066d02411e219bf9cb,2003,박정환,삼성,Unknown,OriginalObserved2011,https://www.inven.co.kr/webzine/news/?news=86951,False,Train,Hitter,4,4,4
PM_e14d6e4d66d27dcce58d,2003,박한이,삼성,Unknown,OriginalObserved2011,https://www.inven.co.kr/webzine/news/?news=86951,False,Train,Hitter,8,8,8
PM_9f774f78dbedaaf9ef66,2003,배영수,삼성,Unknown,OriginalObserved2011,https://www.inven.co.kr/webzine/news/?news=86951,False,Train,Pitcher,8,8,8
PM_5d37d57bd34c5e736638,2003,브리또,삼성,Unknown,OriginalObserved2011,https://www.inven.co.kr/webzine/news/?news=86951,False,Train,Hitter,6,8,8
PM_54c5b05c7b76abae1706,2003,안지만,삼성,Unknown,OriginalObserved2011,https://www.inven.co.kr/webzine/news/?news=86951,False,Train,Pitcher,3,1,1
PM_d14568a1d38c851646a5,2003,양준혁,삼성,Unknown,OriginalObserved2011,https://www.inven.co.kr/webzine/news/?news=86951,False,Train,Hitter,8,10,10
PM_655ec022c96458f563c3,2003,오상민,삼성,Unknown,OriginalObserved2011,https://www.inven.co.kr/webzine/news/?news=86951,False,Train,Pitcher,4,6,6
PM_f1f48ebb7e1ce35c5328,2003,이승엽,삼성,EX,OriginalObserved2011,https://www.inven.co.kr/webzine/news/?news=86951,False,Train,Hitter,10,10,10
PM_fff6be78dc56ed1e8157,2003,임창용,삼성,Unknown,OriginalObserved2011,https://www.inven.co.kr/webzine/news/?news=86951,False,Train,Pitcher,7,8,8
PM_1c3722dca67133b233a2,2003,전병호,삼성,Unknown,OriginalObserved2011,https://www.inven.co.kr/webzine/news/?news=86951,False,Train,Pitcher,4,6,6
PM_65fa3e34a71f79f9d29d,2003,진갑용,삼성,Unknown,OriginalObserved2011,https://www.inven.co.kr/webzine/news/?news=86951,False,Train,Hitter,6,8,8
PM_c597bd517136f717a021,2004,강동우,삼성,Unknown,OriginalObserved2011,https://www.inven.co.kr/webzine/news/?news=86951,False,Holdout,Hitter,5,8,8
PM_7312b8228ad9ccadf93f,2004,강영식,삼성,Unknown,OriginalObserved2011,https://www.inven.co.kr/webzine/news/?news=86951,False,Holdout,Pitcher,3,1,1
PM_a3567cda07a3852a3189,2004,권오준,삼성,Unknown,OriginalObserved2011,https://www.inven.co.kr/webzine/news/?news=86951,False,Holdout,Pitcher,6,8,8
PM_374782b561957f866510,2004,권혁,삼성,Unknown,OriginalObserved2011,https://www.inven.co.kr/webzine/news/?news=86951,False,Holdout,Pitcher,4,6,6
PM_ae48c2bea3c7480e2061,2004,김덕윤,삼성,Unknown,OriginalObserved2011,https://www.inven.co.kr/webzine/news/?news=86951,False,Holdout,Pitcher,4,3,3
PM_1588bb722e2750129dc2,2004,김종훈,삼성,Unknown,OriginalObserved2011,https://www.inven.co.kr/webzine/news/?news=86951,False,Holdout,Hitter,5,6,6
PM_0d81f680ee443cc7354c,2004,김진웅,삼성,Unknown,OriginalObserved2011,https://www.inven.co.kr/webzine/news/?news=86951,False,Holdout,Pitcher,5,7,7
PM_7d4ae0e37910690756a1,2004,김한수,삼성,Unknown,OriginalObserved2011,https://www.inven.co.kr/webzine/news/?news=86951,False,Holdout,Hitter,7,8,8
PM_f2d1159dcf055d01ec83,2004,박석진,삼성,Unknown,OriginalObserved2011,https://www.inven.co.kr/webzine/news/?news=86951,False,Holdout,Pitcher,4,7,7
PM_c61dc79b480341a575dd,2004,박종호,삼성,Unknown,OriginalObserved2011,https://www.inven.co.kr/webzine/news/?news=86951,False,Holdout,Hitter,6,8,8
PM_18fd1a5ceff96f41123d,2004,박한이,삼성,Unknown,OriginalObserved2011,https://www.inven.co.kr/webzine/news/?news=86951,False,Holdout,Hitter,8,8,8
PM_52b36ecbf5b2e086222b,2004,배영수,삼성,Unknown,OriginalObserved2011,https://www.inven.co.kr/webzine/news/?news=86951,False,Holdout,Pitcher,8,9,9
PM_6cb211f47dbbc61c15e6,2004,양준혁,삼성,Unknown,OriginalObserved2011,https://www.inven.co.kr/webzine/news/?news=86951,False,Holdout,Hitter,8,10,10
PM_08dd35902794d07247fe,2004,오리어리,삼성,Unknown,OriginalObserved2011,https://www.inven.co.kr/webzine/news/?news=86951,False,Holdout,Hitter,4,6,6
PM_b3ed21e7859a87f9c989,2004,오상민,삼성,Unknown,OriginalObserved2011,https://www.inven.co.kr/webzine/news/?news=86951,False,Holdout,Pitcher,5,4,4
PM_7dff36cb69a9d94250fb,2004,임창용,삼성,Unknown,OriginalObserved2011,https://www.inven.co.kr/webzine/news/?news=86951,False,Holdout,Pitcher,7,7,7
PM_8c73ad4c71dbc8af8b43,2004,정현욱,삼성,Unknown,OriginalObserved2011,https://www.inven.co.kr/webzine/news/?news=86951,False,Holdout,Pitcher,5,6,6
PM_cabc6a988b1c9ad6a42c,2004,조동찬,삼성,Unknown,OriginalObserved2011,https://www.inven.co.kr/webzine/news/?news=86951,False,Holdout,Hitter,5,6,6
PM_448adfbca60cdebda730,2004,진갑용,삼성,Unknown,OriginalObserved2011,https://www.inven.co.kr/webzine/news/?news=86951,False,Holdout,Hitter,6,8,8
PM_cd331fedfd78e40cd998,2004,호지스,삼성,Unknown,OriginalObserved2011,https://www.inven.co.kr/webzine/news/?news=86951,False,Holdout,Pitcher,6,8,8
PM_da6371524d2635084d7c,2005,강동우,삼성,Unknown,OriginalObserved2011,https://www.inven.co.kr/webzine/news/?news=86951,False,Train,Hitter,5,6,6
PM_2e64771ef22844ec1179,2005,강영식,삼성,Unknown,OriginalObserved2011,https://www.inven.co.kr/webzine/news/?news=86951,False,Train,Pitcher,5,3,3
PM_2de216ce23f6b29783d9,2005,권오준,삼성,Unknown,OriginalObserved2011,https://www.inven.co.kr/webzine/news/?news=86951,False,Train,Pitcher,5,7,7
PM_07a17967f2b2de6fb940,2005,김한수,삼성,Unknown,OriginalObserved2011,https://www.inven.co.kr/webzine/news/?news=86951,False,Train,Hitter,7,8,8
PM_706488de47d2430489a8,2005,바르가스,삼성,Unknown,OriginalObserved2011,https://www.inven.co.kr/webzine/news/?news=86951,False,Train,Pitcher,4,6,6
PM_8834752a3372393b8476,2005,박석진,삼성,Unknown,OriginalObserved2011,https://www.inven.co.kr/webzine/news/?news=86951,False,Train,Pitcher,4,6,6
PM_403cc033537017f9e194,2005,박종호,삼성,Unknown,OriginalObserved2011,https://www.inven.co.kr/webzine/news/?news=86951,False,Train,Hitter,5,7,7
PM_ab63a06102533a77dad3,2005,박진만,삼성,Unknown,OriginalObserved2011,https://www.inven.co.kr/webzine/news/?news=86951,False,Train,Hitter,6,6,6
PM_92c3a7bd42500e90f13a,2005,박한이,삼성,Unknown,OriginalObserved2011,https://www.inven.co.kr/webzine/news/?news=86951,False,Train,Hitter,8,8,8
PM_5ac4f1870782cae92656,2005,배영수,삼성,Unknown,OriginalObserved2011,https://www.inven.co.kr/webzine/news/?news=86951,False,Train,Pitcher,9,9,9
PM_d2d0ee48423f503647c9,2005,심정수,삼성,Unknown,OriginalObserved2011,https://www.inven.co.kr/webzine/news/?news=86951,False,Train,Hitter,8,8,8
PM_a56fdfc1e1bb15a216ba,2005,안지만,삼성,Unknown,OriginalObserved2011,https://www.inven.co.kr/webzine/news/?news=86951,False,Train,Pitcher,4,6,6
PM_0d66d9e94f1d69c47641,2005,양준혁,삼성,Unknown,OriginalObserved2011,https://www.inven.co.kr/webzine/news/?news=86951,False,Train,Hitter,5,8,8
PM_00967f427f85a315c66a,2005,오승환,삼성,Unknown,OriginalObserved2011,https://www.inven.co.kr/webzine/news/?news=86951,False,Train,Pitcher,8,8,8
PM_01f879934845ab73bef1,2005,임동규,삼성,Unknown,OriginalObserved2011,https://www.inven.co.kr/webzine/news/?news=86951,False,Train,Pitcher,5,6,6
PM_a464aaf8de7f94d0428b,2005,전병호,삼성,Unknown,OriginalObserved2011,https://www.inven.co.kr/webzine/news/?news=86951,False,Train,Pitcher,4,7,7
PM_8855588ee174e28fe466,2005,조동찬,삼성,Unknown,OriginalObserved2011,https://www.inven.co.kr/webzine/news/?news=86951,False,Train,Hitter,7,8,8
PM_78b8d25d46eb0d2b1e92,2005,진갑용,삼성,Unknown,OriginalObserved2011,https://www.inven.co.kr/webzine/news/?news=86951,False,Train,Hitter,6,7,7
PM_0d397a2dcbbd4ea43326,2005,하리칼라,삼성,Unknown,OriginalObserved2011,https://www.inven.co.kr/webzine/news/?news=86951,False,Train,Pitcher,5,5,5
PM_9face908beb294b4686c,2006,강봉규,삼성,Unknown,OriginalObserved2011,https://www.inven.co.kr/webzine/news/?news=86951,False,Train,Hitter,5,4,4
PM_fc8b325fd99f34eda619,2006,강영식,삼성,Unknown,OriginalObserved2011,https://www.inven.co.kr/webzine/news/?news=86951,False,Train,Pitcher,4,3,3
PM_82f8c338e1e77456aa81,2006,권오준,삼성,Unknown,OriginalObserved2011,https://www.inven.co.kr/webzine/news/?news=86951,False,Train,Pitcher,6,8,8
PM_bca51906685dcd495b7c,2006,권혁,삼성,Unknown,OriginalObserved2011,https://www.inven.co.kr/webzine/news/?news=86951,False,Train,Pitcher,4,1,1
PM_79a5512be0bfdd5917ae,2006,김창희,삼성,Unknown,OriginalObserved2011,https://www.inven.co.kr/webzine/news/?news=86951,False,Train,Hitter,6,6,6
PM_403dcc340c92bd8005ef,2006,김한수,삼성,Unknown,OriginalObserved2011,https://www.inven.co.kr/webzine/news/?news=86951,False,Train,Hitter,6,7,7
PM_eee5725c19311a3713e6,2006,박종호,삼성,Unknown,OriginalObserved2011,https://www.inven.co.kr/webzine/news/?news=86951,False,Train,Hitter,5,5,5
PM_ca590b2887203c13a7b0,2006,박진만,삼성,Unknown,OriginalObserved2011,https://www.inven.co.kr/webzine/news/?news=86951,False,Train,Hitter,8,8,8
PM_8441fbe1ece1dbc553a8,2006,박한이,삼성,Unknown,OriginalObserved2011,https://www.inven.co.kr/webzine/news/?news=86951,False,Train,Hitter,7,8,8
PM_8b0d9eb11b731d27c1c1,2006,배영수,삼성,Unknown,OriginalObserved2011,https://www.inven.co.kr/webzine/news/?news=86951,False,Train,Pitcher,6,8,8
PM_89e73ae37bf85123d2fa,2006,브라운,삼성,Unknown,OriginalObserved2011,https://www.inven.co.kr/webzine/news/?news=86951,False,Train,Pitcher,8,8,8
PM_ec1264d467caeb5b3951,2006,양준혁,삼성,Unknown,OriginalObserved2011,https://www.inven.co.kr/webzine/news/?news=86951,False,Train,Hitter,8,10,10
PM_119e7fdbecb8485013d9,2006,오상민,삼성,Unknown,OriginalObserved2011,https://www.inven.co.kr/webzine/news/?news=86951,False,Train,Pitcher,4,3,3
PM_2637ff29873d16c61efc,2006,오승환,삼성,Unknown,OriginalObserved2011,https://www.inven.co.kr/webzine/news/?news=86951,False,Train,Pitcher,9,8,8
PM_93ed0b50f609d87da1fa,2006,임동규,삼성,Unknown,OriginalObserved2011,https://www.inven.co.kr/webzine/news/?news=86951,False,Train,Pitcher,5,8,8
PM_c0e5718e44d46b38f381,2006,전병호,삼성,Unknown,OriginalObserved2011,https://www.inven.co.kr/webzine/news/?news=86951,False,Train,Pitcher,4,7,7
PM_16347770835a5a19c30e,2006,조동찬,삼성,Unknown,OriginalObserved2011,https://www.inven.co.kr/webzine/news/?news=86951,False,Train,Hitter,8,8,8
PM_693fc5ff0ca8abcfa42a,2006,진갑용,삼성,Unknown,OriginalObserved2011,https://www.inven.co.kr/webzine/news/?news=86951,False,Train,Hitter,7,8,8
PM_41fce5eb2dda1dc69ac9,2006,하리칼라,삼성,Unknown,OriginalObserved2011,https://www.inven.co.kr/webzine/news/?news=86951,False,Train,Pitcher,7,8,8
PM_8ec92e6c24f0a7f43b37,2007,강봉규,삼성,Unknown,OriginalObserved2011,https://www.inven.co.kr/webzine/news/?news=86951,False,Train,Hitter,5,5,5
PM_081c99848913d4d8f946,2007,권오준,삼성,Unknown,OriginalObserved2011,https://www.inven.co.kr/webzine/news/?news=86951,False,Train,Pitcher,6,4,4
PM_b6f3de00924a50c63b3b,2007,권혁,삼성,Unknown,OriginalObserved2011,https://www.inven.co.kr/webzine/news/?news=86951,False,Train,Pitcher,7,6,6
PM_002dcf1b4c975a575c90,2007,김재걸,삼성,Unknown,OriginalObserved2011,https://www.inven.co.kr/webzine/news/?news=86951,False,Train,Hitter,5,6,6
PM_f52f8a429cdae63cc854,2007,김창희,삼성,Unknown,OriginalObserved2011,https://www.inven.co.kr/webzine/news/?news=86951,False,Train,Hitter,4,5,5
PM_9b7b9c55ab54f4bc976e,2007,매존,삼성,Unknown,OriginalObserved2011,https://www.inven.co.kr/webzine/news/?news=86951,False,Train,Pitcher,6,8,8
PM_9e6f999e48a0d7d6e33b,2007,박진만,삼성,Unknown,OriginalObserved2011,https://www.inven.co.kr/webzine/news/?news=86951,False,Train,Hitter,8,8,8
PM_a8c205b0a3a39a41c33e,2007,박한이,삼성,Unknown,OriginalObserved2011,https://www.inven.co.kr/webzine/news/?news=86951,False,Train,Hitter,6,7,7
PM_4851e163e0abf96cc640,2007,브라운,삼성,Unknown,OriginalObserved2011,https://www.inven.co.kr/webzine/news/?news=86951,False,Train,Pitcher,6,8,8
PM_5311db2b688fdb5ae77d,2007,신명철,삼성,Unknown,OriginalObserved2011,https://www.inven.co.kr/webzine/news/?news=86951,False,Train,Hitter,6,7,7
PM_4b0babf022933132b9e6,2007,심정수,삼성,Unknown,OriginalObserved2011,https://www.inven.co.kr/webzine/news/?news=86951,False,Train,Hitter,10,8,8
PM_fd766a7bcfe7d48dd238,2007,안지만,삼성,Unknown,OriginalObserved2011,https://www.inven.co.kr/webzine/news/?news=86951,False,Train,Pitcher,5,7,7
PM_414e1a834612745549e0,2007,양준혁,삼성,Unknown,OriginalObserved2011,https://www.inven.co.kr/webzine/news/?news=86951,False,Train,Hitter,8,10,10
PM_4bce736d0044a7e0d0b3,2007,오승환,삼성,Unknown,OriginalObserved2011,https://www.inven.co.kr/webzine/news/?news=86951,False,Train,Pitcher,8,8,8
PM_893169ed86b0d412110a,2007,윤성환,삼성,Unknown,OriginalObserved2011,https://www.inven.co.kr/webzine/news/?news=86951,False,Train,Pitcher,4,6,6
PM_d0b82ff999ee23d7dd40,2007,임창용,삼성,Unknown,OriginalObserved2011,https://www.inven.co.kr/webzine/news/?news=86951,False,Train,Pitcher,5,6,6
PM_0341a51987983d1ffc5e,2007,전병호,삼성,Unknown,OriginalObserved2011,https://www.inven.co.kr/webzine/news/?news=86951,False,Train,Pitcher,5,8,8
PM_6dbd9f9096e72946594f,2007,조현근,삼성,Unknown,OriginalObserved2011,https://www.inven.co.kr/webzine/news/?news=86951,False,Train,Pitcher,4,6,6
PM_786e85f3f53a4bc77c57,2007,진갑용,삼성,Unknown,OriginalObserved2011,https://www.inven.co.kr/webzine/news/?news=86951,False,Train,Hitter,4,7,7
PM_fe610b749f0da7854485,2007,차우찬,삼성,Unknown,OriginalObserved2011,https://www.inven.co.kr/webzine/news/?news=86951,False,Train,Pitcher,4,3,3
PM_d62af266dc16826a5689,2007,채태인,삼성,Rare,OriginalObserved2011,https://www.inven.co.kr/webzine/news/?news=86951,False,Train,Hitter,4,3,3
PM_ad5610eca292368511fe,2007,고동진,한화,Unknown,OriginalObserved2011,https://www.inven.co.kr/webzine/news/?news=86963,False,Train,Hitter,5,7,7
PM_86f69d2401c1b4d076b7,2007,구대성,한화,Unknown,OriginalObserved2011,https://www.inven.co.kr/webzine/news/?news=86963,False,Train,Pitcher,6,5,5
PM_4ee981f1c908cb26de0c,2007,권준헌,한화,Unknown,OriginalObserved2011,https://www.inven.co.kr/webzine/news/?news=86963,False,Train,Pitcher,5,4,4
PM_b320f6a1bf3e644f1791,2007,김민재,한화,Unknown,OriginalObserved2011,https://www.inven.co.kr/webzine/news/?news=86963,False,Train,Hitter,6,7,7
PM_35355cfc2cdcfc2c7670,2007,김태균,한화,Unknown,OriginalObserved2011,https://www.inven.co.kr/webzine/news/?news=86963,False,Train,Hitter,8,8,8
PM_51dd31bf72b9122575f0,2007,김태완,한화,Unknown,OriginalObserved2011,https://www.inven.co.kr/webzine/news/?news=86963,False,Train,Hitter,4,4,4
PM_079ef10bae2136542cd2,2007,류현진,한화,Unknown,OriginalObserved2011,https://www.inven.co.kr/webzine/news/?news=86963,False,Train,Pitcher,10,9,9
PM_21018288dd129dd8ceb7,2007,문동환,한화,Unknown,OriginalObserved2011,https://www.inven.co.kr/webzine/news/?news=86963,False,Train,Pitcher,6,6,6
PM_197da843846141dac5cc,2007,세드릭,한화,Unknown,OriginalObserved2011,https://www.inven.co.kr/webzine/news/?news=86963,False,Train,Pitcher,7,7,7
PM_c00afc639834eaa60645,2007,송진우,한화,Unknown,OriginalObserved2011,https://www.inven.co.kr/webzine/news/?news=86963,False,Train,Pitcher,5,4,4
PM_5349db76fd9a3ec3d3a8,2007,신경현,한화,Unknown,OriginalObserved2011,https://www.inven.co.kr/webzine/news/?news=86963,False,Train,Hitter,5,5,5
PM_021224a6c9a652400a79,2007,안영명,한화,Unknown,OriginalObserved2011,https://www.inven.co.kr/webzine/news/?news=86963,False,Train,Pitcher,5,7,7
PM_3a860cec3efdda56d285,2007,양훈,한화,Unknown,OriginalObserved2011,https://www.inven.co.kr/webzine/news/?news=86963,False,Train,Pitcher,4,5,5
PM_d83ea5492df91e3dfff4,2007,이범호,한화,Unknown,OriginalObserved2011,https://www.inven.co.kr/webzine/news/?news=86963,False,Train,Hitter,8,8,8
PM_65ec2b32e1f690fc389d,2007,정민철,한화,Unknown,OriginalObserved2011,https://www.inven.co.kr/webzine/news/?news=86963,False,Train,Pitcher,9,9,9
PM_6eed14bbb744602d3a21,2007,정민혁,한화,Unknown,OriginalObserved2011,https://www.inven.co.kr/webzine/news/?news=86963,False,Train,Pitcher,4,3,3
PM_46d6704177ebd25d747b,2007,조성민,한화,Unknown,OriginalObserved2011,https://www.inven.co.kr/webzine/news/?news=86963,False,Train,Pitcher,4,4,4
PM_1f32893ae1361e13691a,2007,조원우,한화,Unknown,OriginalObserved2011,https://www.inven.co.kr/webzine/news/?news=86963,False,Train,Hitter,5,6,6
PM_8a81597219dbe3fd797c,2007,크루즈,한화,Unknown,OriginalObserved2011,https://www.inven.co.kr/webzine/news/?news=86963,False,Train,Hitter,8,10,10
PM_b5100756232ee88dc87d,2007,한상훈,한화,Unknown,OriginalObserved2011,https://www.inven.co.kr/webzine/news/?news=86963,False,Train,Hitter,5,6,6
PM_87a71943fd1457a47dd3,2008,가르시아,롯데,Unknown,OriginalObserved2011,https://www.inven.co.kr/webzine/news/?news=86963,False,Train,Hitter,9,9,9
PM_154adb7d70fdaf5670cc,2008,강민호,롯데,Unknown,OriginalObserved2011,https://www.inven.co.kr/webzine/news/?news=86963,False,Train,Hitter,8,8,8
PM_1f60c8586cb69c4dfc8c,2008,강영식,롯데,Unknown,OriginalObserved2011,https://www.inven.co.kr/webzine/news/?news=86963,False,Train,Pitcher,7,6,6
PM_24ffa92142c266e69da8,2008,김주찬,롯데,Unknown,OriginalObserved2011,https://www.inven.co.kr/webzine/news/?news=86963,False,Train,Hitter,7,8,8
PM_c439dceaecd70d40ff4b,2008,나승현,롯데,Unknown,OriginalObserved2011,https://www.inven.co.kr/webzine/news/?news=86963,False,Train,Pitcher,5,4,4
PM_47078112947ae1b82445,2008,매클레리,롯데,Unknown,OriginalObserved2011,https://www.inven.co.kr/webzine/news/?news=86963,False,Train,Pitcher,5,6,6
PM_eb00848116c47f50e94e,2008,박기혁,롯데,Unknown,OriginalObserved2011,https://www.inven.co.kr/webzine/news/?news=86963,False,Train,Hitter,7,7,7
PM_3dd2415616494c0426a3,2008,박현승,롯데,Unknown,OriginalObserved2011,https://www.inven.co.kr/webzine/news/?news=86963,False,Train,Hitter,5,4,4
PM_a64eaec828d41deca082,2008,배장호,롯데,Unknown,OriginalObserved2011,https://www.inven.co.kr/webzine/news/?news=86963,False,Train,Pitcher,5,4,4
PM_7b06ab9530c0e8356258,2008,손민한,롯데,Unknown,OriginalObserved2011,https://www.inven.co.kr/webzine/news/?news=86963,False,Train,Pitcher,10,9,9
PM_3d678dbdf356c49d79bf,2008,송승준,롯데,Unknown,OriginalObserved2011,https://www.inven.co.kr/webzine/news/?news=86963,False,Train,Pitcher,8,8,8
PM_066b0a4f3b4bb609017a,2008,이대호,롯데,Unknown,OriginalObserved2011,https://www.inven.co.kr/webzine/news/?news=86963,False,Train,Hitter,6,8,8
PM_94b401905fd6451dd9f4,2008,이용훈,롯데,Unknown,OriginalObserved2011,https://www.inven.co.kr/webzine/news/?news=86963,False,Train,Pitcher,5,6,6
PM_b183fa582798d92f64da,2008,이인구,롯데,Unknown,OriginalObserved2011,https://www.inven.co.kr/webzine/news/?news=86963,False,Train,Hitter,5,5,5
PM_1c74c3f3d9930f001add,2008,임경완,롯데,Unknown,OriginalObserved2011,https://www.inven.co.kr/webzine/news/?news=86963,False,Train,Pitcher,6,4,4
PM_c46bc31b73bf4021d8c0,2008,장원준,롯데,Unknown,OriginalObserved2011,https://www.inven.co.kr/webzine/news/?news=86963,False,Train,Pitcher,8,8,8
PM_6562066b5a32259834ad,2008,정수근,롯데,Unknown,OriginalObserved2011,https://www.inven.co.kr/webzine/news/?news=86963,False,Train,Hitter,6,6,6
PM_da6c9c6cf20f4aa51fa0,2008,조성환,롯데,Unknown,OriginalObserved2011,https://www.inven.co.kr/webzine/news/?news=86963,False,Train,Hitter,10,9,9
PM_06bf322feee3944b0181,2008,조정훈,롯데,Unknown,OriginalObserved2011,https://www.inven.co.kr/webzine/news/?news=86963,False,Train,Pitcher,7,7,7
PM_00b7f5cec8cbfe98ea71,2008,최향남,롯데,Unknown,OriginalObserved2011,https://www.inven.co.kr/webzine/news/?news=86963,False,Train,Pitcher,6,5,5
PM_d0347e988a872519eeac,2008,강봉규,삼성,Unknown,OriginalObserved2011,https://www.inven.co.kr/webzine/news/?news=86951,False,Train,Hitter,5,5,5
PM_0663eed4db70d3c74bba,2008,권오원,삼성,Unknown,OriginalObserved2011,https://www.inven.co.kr/webzine/news/?news=86951,False,Train,Pitcher,5,5,5
PM_ba46a8c861fca7b19764,2008,권혁,삼성,Unknown,OriginalObserved2011,https://www.inven.co.kr/webzine/news/?news=86951,False,Train,Pitcher,8,6,6
PM_dee9f5d68e904f697c45,2008,박석민,삼성,Unknown,OriginalObserved2011,https://www.inven.co.kr/webzine/news/?news=86951,False,Train,Hitter,7,8,8
PM_3e6f03bee0fcbc2a3152,2008,박진만,삼성,Unknown,OriginalObserved2011,https://www.inven.co.kr/webzine/news/?news=86951,False,Train,Hitter,6,7,7
PM_d0025651b3faf97ca8ba,2008,박한이,삼성,Unknown,OriginalObserved2011,https://www.inven.co.kr/webzine/news/?news=86951,False,Train,Hitter,6,8,8
PM_192da6442d9b85943cae,2008,배영수,삼성,Unknown,OriginalObserved2011,https://www.inven.co.kr/webzine/news/?news=86951,False,Train,Pitcher,5,7,7
PM_7ba492cdd3a3c5d5d988,2008,신명철,삼성,Unknown,OriginalObserved2011,https://www.inven.co.kr/webzine/news/?news=86951,False,Train,Hitter,5,4,4
PM_b97819d369cf418f5958,2008,안지만,삼성,Unknown,OriginalObserved2011,https://www.inven.co.kr/webzine/news/?news=86951,False,Train,Pitcher,5,6,6
PM_54a99a6ad3f01db18345,2008,양준혁,삼성,Unknown,OriginalObserved2011,https://www.inven.co.kr/webzine/news/?news=86951,False,Train,Hitter,5,8,8
PM_9981f9ae21c8158fa462,2008,오버뮬러,삼성,Unknown,OriginalObserved2011,https://www.inven.co.kr/webzine/news/?news=86951,False,Train,Pitcher,4,5,5
PM_4846ac1f1feec3f0936f,2008,오승환,삼성,Unknown,OriginalObserved2011,https://www.inven.co.kr/webzine/news/?news=86951,False,Train,Pitcher,8,7,7
PM_0a4a6bc00ee3d020200e,2008,윤성환,삼성,Unknown,OriginalObserved2011,https://www.inven.co.kr/webzine/news/?news=86951,False,Train,Pitcher,7,8,8
PM_87ddb3d31b32b1e4f884,2008,이상목,삼성,Unknown,OriginalObserved2011,https://www.inven.co.kr/webzine/news/?news=86951,False,Train,Pitcher,5,7,7
PM_44b33222e69734f7c461,2008,이영욱,삼성,Unknown,OriginalObserved2011,https://www.inven.co.kr/webzine/news/?news=86951,False,Train,Hitter,2,1,1
PM_2a0e1f3da6f2e6e7dc59,2008,전병호,삼성,Unknown,OriginalObserved2011,https://www.inven.co.kr/webzine/news/?news=86951,False,Train,Pitcher,5,5,5
PM_3ff38840a5feb70b4014,2008,정현욱,삼성,Unknown,OriginalObserved2011,https://www.inven.co.kr/webzine/news/?news=86951,False,Train,Pitcher,8,8,8
PM_3b8efd21a0372afcfea9,2008,조현근,삼성,Unknown,OriginalObserved2011,https://www.inven.co.kr/webzine/news/?news=86951,False,Train,Pitcher,5,4,4
PM_ed9a6b140991b67fce90,2008,진갑용,삼성,Unknown,OriginalObserved2011,https://www.inven.co.kr/webzine/news/?news=86951,False,Train,Hitter,8,7,7
PM_ad4c64e9cacd0dfe2bd5,2008,채태인,삼성,Unknown,OriginalObserved2011,https://www.inven.co.kr/webzine/news/?news=86951,False,Train,Hitter,6,6,6
PM_1e5bbffde52e71283a33,2008,최형우,삼성,Unknown,OriginalObserved2011,https://www.inven.co.kr/webzine/news/?news=86951,False,Train,Hitter,8,8,8
PM_6960de5fc2a2c0732051,2008,구대성,한화,Unknown,OriginalObserved2011,https://www.inven.co.kr/webzine/news/?news=86963,False,Train,Pitcher,6,5,5
PM_f05c7ffa6df90725eb58,2008,김민재,한화,Unknown,OriginalObserved2011,https://www.inven.co.kr/webzine/news/?news=86963,False,Train,Hitter,7,6,6
PM_0ee82e50f13deb2a1fba,2008,김태균,한화,Unknown,OriginalObserved2011,https://www.inven.co.kr/webzine/news/?news=86963,False,Train,Hitter,10,10,10
PM_769c61580a84003a4aa4,2008,김태완,한화,Unknown,OriginalObserved2011,https://www.inven.co.kr/webzine/news/?news=86963,False,Train,Hitter,6,8,8
PM_275615c650d29d06d2af,2008,김혁민,한화,Unknown,OriginalObserved2011,https://www.inven.co.kr/webzine/news/?news=86963,False,Train,Pitcher,6,5,5
PM_cc3aa3ff413405f735c3,2008,류현진,한화,Unknown,OriginalObserved2011,https://www.inven.co.kr/webzine/news/?news=86963,False,Train,Pitcher,9,8,8
PM_577e8757742815f95320,2008,마정길,한화,Unknown,OriginalObserved2011,https://www.inven.co.kr/webzine/news/?news=86963,False,Train,Pitcher,5,7,7
PM_b6505ab9b79f06877bd0,2008,송진우,한화,Unknown,OriginalObserved2011,https://www.inven.co.kr/webzine/news/?news=86963,False,Train,Pitcher,5,7,7
PM_8e71a0968b3840aac198,2008,신경현,한화,Unknown,OriginalObserved2011,https://www.inven.co.kr/webzine/news/?news=86963,False,Train,Hitter,6,6,6
PM_ee4567967eb791323590,2008,양훈,한화,Unknown,OriginalObserved2011,https://www.inven.co.kr/webzine/news/?news=86963,False,Train,Pitcher,4,3,3
PM_3ca1209fa2c10e5c3e25,2008,유원상,한화,Unknown,OriginalObserved2011,https://www.inven.co.kr/webzine/news/?news=86963,False,Train,Pitcher,5,6,6
PM_022858dddba91ffd2323,2008,윤규진,한화,Unknown,OriginalObserved2011,https://www.inven.co.kr/webzine/news/?news=86963,False,Train,Pitcher,5,5,5
PM_827f3a6c61e57a8cb4ab,2008,이범호,한화,Unknown,OriginalObserved2011,https://www.inven.co.kr/webzine/news/?news=86963,False,Train,Hitter,8,8,8
PM_34dbf8697ea259445ee8,2008,이여상,한화,Unknown,OriginalObserved2011,https://www.inven.co.kr/webzine/news/?news=86963,False,Train,Hitter,5,4,4
PM_4613df001594d379bbe3,2008,이영우,한화,Unknown,OriginalObserved2011,https://www.inven.co.kr/webzine/news/?news=86963,False,Train,Hitter,5,6,6
PM_e479bf0adeb57d089b86,2008,정민철,한화,Unknown,OriginalObserved2011,https://www.inven.co.kr/webzine/news/?news=86963,False,Train,Pitcher,5,7,7
PM_e37770386c27ba76ec34,2008,최영필,한화,Unknown,OriginalObserved2011,https://www.inven.co.kr/webzine/news/?news=86963,False,Train,Pitcher,5,6,6
PM_dd0cc5cd98cdaf3491fb,2008,추승우,한화,Unknown,OriginalObserved2011,https://www.inven.co.kr/webzine/news/?news=86963,False,Train,Hitter,5,6,6
PM_3ac1aa8b37689ed64b5b,2008,클락,한화,Unknown,OriginalObserved2011,https://www.inven.co.kr/webzine/news/?news=86963,False,Train,Hitter,9,8,8
PM_74c02f0de54357934723,2008,토마스,한화,Unknown,OriginalObserved2011,https://www.inven.co.kr/webzine/news/?news=86963,False,Train,Pitcher,7,6,6
PM_15f02847eb6953ca2101,2009,곽정철,KIA,Unknown,OriginalObserved2011,https://www.inven.co.kr/webzine/news/?news=86963,False,Validation,Pitcher,6,7,7
PM_a379c41d7366f38126be,2009,구톰슨,KIA,Unknown,OriginalObserved2011,https://www.inven.co.kr/webzine/news/?news=86963,False,Validation,Pitcher,9,9,9
PM_e4c6efb0d9031c5ffe70,2009,김상현,KIA,Unknown,OriginalObserved2011,https://www.inven.co.kr/webzine/news/?news=86963,False,Validation,Hitter,8,8,8
PM_61164654e24ed5c8441f,2009,김상훈,KIA,Unknown,OriginalObserved2011,https://www.inven.co.kr/webzine/news/?news=86963,False,Validation,Hitter,6,6,6
PM_821238baa9dd09ae72c3,2009,김원섭,KIA,Unknown,OriginalObserved2011,https://www.inven.co.kr/webzine/news/?news=86963,False,Validation,Hitter,9,8,8
PM_85b815f9345296be726c,2009,나지완,KIA,Unknown,OriginalObserved2011,https://www.inven.co.kr/webzine/news/?news=86963,False,Validation,Hitter,6,8,8
PM_60c687b8549a40ae8bc2,2009,로페즈,KIA,EX,OriginalObserved2011,https://www.inven.co.kr/webzine/news/?news=86963,False,Validation,Pitcher,10,10,10
PM_8a69eb2b60bb29aaa22d,2009,박경태,KIA,Unknown,OriginalObserved2011,https://www.inven.co.kr/webzine/news/?news=86963,False,Validation,Pitcher,5,3,3
PM_8cf9f9009b3839070290,2009,서재응,KIA,Unknown,OriginalObserved2011,https://www.inven.co.kr/webzine/news/?news=86963,False,Validation,Pitcher,5,5,5
PM_d4e99cba319737fce603,2009,손영민,KIA,Unknown,OriginalObserved2011,https://www.inven.co.kr/webzine/news/?news=86963,False,Validation,Pitcher,7,8,8
PM_24b57473d8ae6d91f826,2009,안치홍,KIA,Unknown,OriginalObserved2011,https://www.inven.co.kr/webzine/news/?news=86963,False,Validation,Hitter,5,6,6
PM_1c727c21724be9f52daa,2009,양현종,KIA,Unknown,OriginalObserved2011,https://www.inven.co.kr/webzine/news/?news=86963,False,Validation,Pitcher,8,8,8
PM_4486501c2065e95166ba,2009,오준형,KIA,Unknown,OriginalObserved2011,https://www.inven.co.kr/webzine/news/?news=86963,False,Validation,Pitcher,5,3,3
PM_d373eb8215dd0da1dda2,2009,유동훈,KIA,Unknown,OriginalObserved2011,https://www.inven.co.kr/webzine/news/?news=86963,False,Validation,Pitcher,8,8,8
PM_3f963a7e9f046b10fcdd,2009,윤석민,KIA,Unknown,OriginalObserved2011,https://www.inven.co.kr/webzine/news/?news=86963,False,Validation,Pitcher,8,8,8
PM_9e7c8ed7f68a4385b2e3,2009,이종범,KIA,Unknown,OriginalObserved2011,https://www.inven.co.kr/webzine/news/?news=86963,False,Validation,Hitter,7,7,7
PM_322cb10c3d071e6e74ad,2009,이현곤,KIA,Unknown,OriginalObserved2011,https://www.inven.co.kr/webzine/news/?news=86963,False,Validation,Hitter,6,6,6
PM_a02b411f4e63c6dd09b5,2009,장성호,KIA,Unknown,OriginalObserved2011,https://www.inven.co.kr/webzine/news/?news=86963,False,Validation,Hitter,6,6,6
PM_fa56d0c8a3f2f1b57ac3,2009,최희섭,KIA,Unknown,OriginalObserved2011,https://www.inven.co.kr/webzine/news/?news=86963,False,Validation,Hitter,7,10,10
PM_222d8217e16a6c412226,2009,한기주,KIA,Unknown,OriginalObserved2011,https://www.inven.co.kr/webzine/news/?news=86963,False,Validation,Pitcher,6,4,4
PM_527e1f1d57b9a3d172ef,2009,강봉규,삼성,Unknown,OriginalObserved2011,https://www.inven.co.kr/webzine/news/?news=86951,False,Validation,Hitter,9,8,8
PM_847750d02321581c18dd,2009,권혁,삼성,Unknown,OriginalObserved2011,https://www.inven.co.kr/webzine/news/?news=86951,False,Validation,Pitcher,7,7,7
PM_0cd565910d81b72bcf1b,2009,나이트,삼성,Unknown,OriginalObserved2011,https://www.inven.co.kr/webzine/news/?news=86951,False,Validation,Pitcher,6,6,6
PM_9859273c6eb99dac7cbf,2009,박민규,삼성,Unknown,OriginalObserved2011,https://www.inven.co.kr/webzine/news/?news=86951,False,Validation,Pitcher,5,2,2
PM_70c8eb9b59ed9fecaf92,2009,박석민,삼성,Unknown,OriginalObserved2011,https://www.inven.co.kr/webzine/news/?news=86951,False,Validation,Hitter,5,8,8
PM_5255818bed29c5dea26d,2009,박진만,삼성,Unknown,OriginalObserved2011,https://www.inven.co.kr/webzine/news/?news=86951,False,Validation,Hitter,5,5,5
PM_50f97138619a7971c4f7,2009,박한이,삼성,Unknown,OriginalObserved2011,https://www.inven.co.kr/webzine/news/?news=86951,False,Validation,Hitter,7,7,7
PM_5ef7c7cdbb68ffdd0e22,2009,배영수,삼성,Unknown,OriginalObserved2011,https://www.inven.co.kr/webzine/news/?news=86951,False,Validation,Pitcher,5,4,4
PM_2779880ea0ba941d171d,2009,신명철,삼성,Unknown,OriginalObserved2011,https://www.inven.co.kr/webzine/news/?news=86951,False,Validation,Hitter,8,8,8
PM_e0bf76c83bc2c2313f90,2009,안지만,삼성,Unknown,OriginalObserved2011,https://www.inven.co.kr/webzine/news/?news=86951,False,Validation,Pitcher,4,4,4
PM_77b48387881146bae704,2009,양준혁,삼성,Unknown,OriginalObserved2011,https://www.inven.co.kr/webzine/news/?news=86951,False,Validation,Hitter,6,7,7
PM_fd862c74cae7d445ddd1,2009,오승환,삼성,Unknown,OriginalObserved2011,https://www.inven.co.kr/webzine/news/?news=86951,False,Validation,Pitcher,7,3,3
PM_c448d53ab32817314195,2009,윤성환,삼성,Unknown,OriginalObserved2011,https://www.inven.co.kr/webzine/news/?news=86951,False,Validation,Pitcher,8,8,8
PM_3f0a5ebcf11a8de02472,2009,정현욱,삼성,Unknown,OriginalObserved2011,https://www.inven.co.kr/webzine/news/?news=86951,False,Validation,Pitcher,6,7,7
PM_d5ed5306009cd74fbd08,2009,차우찬,삼성,Unknown,OriginalObserved2011,https://www.inven.co.kr/webzine/news/?news=86951,False,Validation,Pitcher,5,5,5
PM_fec42713cbb36ccf783a,2009,채태인,삼성,Unknown,OriginalObserved2011,https://www.inven.co.kr/webzine/news/?news=86951,False,Validation,Hitter,6,8,8
PM_6431cb9eba5bfe1fba42,2009,최형우,삼성,Unknown,OriginalObserved2011,https://www.inven.co.kr/webzine/news/?news=86951,False,Validation,Hitter,7,8,8
PM_153f104ac405c2056032,2009,크루세타,삼성,Unknown,OriginalObserved2011,https://www.inven.co.kr/webzine/news/?news=86951,False,Validation,Pitcher,6,8,8
PM_22b1f01d385462360e59,2009,현재윤,삼성,Unknown,OriginalObserved2011,https://www.inven.co.kr/webzine/news/?news=86951,False,Validation,Hitter,5,5,5
PM_2084c0dd44a0a975f28b,2010,가르시아,롯데,Unknown,OriginalObserved2011,https://www.inven.co.kr/webzine/news/?news=86963,False,Holdout,Hitter,6,8,8
PM_2a3e3c1feda5fe510d64,2010,강민호,롯데,Unknown,OriginalObserved2011,https://www.inven.co.kr/webzine/news/?news=86963,False,Holdout,Hitter,7,8,8
PM_4801436f4f46c46ba85f,2010,강영식,롯데,Unknown,OriginalObserved2011,https://www.inven.co.kr/webzine/news/?news=86963,False,Holdout,Pitcher,6,5,5
PM_2df750d2ff3996dbe9bc,2010,김사율,롯데,Unknown,OriginalObserved2011,https://www.inven.co.kr/webzine/news/?news=86963,False,Holdout,Pitcher,5,5,5
PM_4add38df3e3cca9230f6,2010,김수완,롯데,Unknown,OriginalObserved2011,https://www.inven.co.kr/webzine/news/?news=86963,False,Holdout,Pitcher,5,6,6
PM_97e8ade959046ab6a0b7,2010,김일엽,롯데,Unknown,OriginalObserved2011,https://www.inven.co.kr/webzine/news/?news=86963,False,Holdout,Pitcher,5,4,4
PM_6cf3915056fd32cbacef,2010,김주찬,롯데,Unknown,OriginalObserved2011,https://www.inven.co.kr/webzine/news/?news=86963,False,Holdout,Hitter,8,8,8
PM_bb680b8d76b261773a32,2010,배장호,롯데,Unknown,OriginalObserved2011,https://www.inven.co.kr/webzine/news/?news=86963,False,Holdout,Pitcher,5,5,5
PM_895ce0c5e1bed5529fd6,2010,사도스키,롯데,Unknown,OriginalObserved2011,https://www.inven.co.kr/webzine/news/?news=86963,False,Holdout,Pitcher,8,8,8
PM_db051b23dee714617f6c,2010,손아섭,롯데,Unknown,OriginalObserved2011,https://www.inven.co.kr/webzine/news/?news=86963,False,Holdout,Hitter,7,8,8
PM_2c2381ece68b6051ea12,2010,송승준,롯데,Unknown,OriginalObserved2011,https://www.inven.co.kr/webzine/news/?news=86963,False,Holdout,Pitcher,7,8,8
PM_a6e914d533565fd53f6b,2010,이대호,롯데,Unknown,OriginalObserved2011,https://www.inven.co.kr/webzine/news/?news=86963,False,Holdout,Hitter,10,10,10
PM_06603b958bd9b4655b40,2010,이재곤,롯데,Unknown,OriginalObserved2011,https://www.inven.co.kr/webzine/news/?news=86963,False,Holdout,Pitcher,7,8,8
PM_ab88c9cdc99f38dda410,2010,이정훈,롯데,Unknown,OriginalObserved2011,https://www.inven.co.kr/webzine/news/?news=86963,False,Holdout,Pitcher,5,3,3
PM_f16d580c5017f57e20ac,2010,임경완,롯데,Unknown,OriginalObserved2011,https://www.inven.co.kr/webzine/news/?news=86963,False,Holdout,Pitcher,6,5,5
PM_5823ed477609900ba1cd,2010,장원준,롯데,Unknown,OriginalObserved2011,https://www.inven.co.kr/webzine/news/?news=86963,False,Holdout,Pitcher,7,8,8
PM_824ffadb08b165b54e48,2010,전준우,롯데,Unknown,OriginalObserved2011,https://www.inven.co.kr/webzine/news/?news=86963,False,Holdout,Hitter,7,8,8
PM_8059de1a7fc4df26f86d,2010,조성환,롯데,Unknown,OriginalObserved2011,https://www.inven.co.kr/webzine/news/?news=86963,False,Holdout,Hitter,9,8,8
PM_6a80ddba271e91fa49b0,2010,홍성흔,롯데,Unknown,OriginalObserved2011,https://www.inven.co.kr/webzine/news/?news=86963,False,Holdout,Hitter,8,10,10
PM_0b1877628fc10a5e6a3f,2010,황재균,롯데,Unknown,OriginalObserved2011,https://www.inven.co.kr/webzine/news/?news=86963,False,Holdout,Hitter,5,5,5
PM_eb5f5657af6f0a5f56e4,2010,권오준,삼성,Unknown,OriginalObserved2011,https://www.inven.co.kr/webzine/news/?news=86951,False,Holdout,Pitcher,6,4,4
PM_6dca8d75a26da1d1e29c,2010,권혁,삼성,Unknown,OriginalObserved2011,https://www.inven.co.kr/webzine/news/?news=86951,False,Holdout,Pitcher,8,7,7
PM_d9daf6bcc7aff42ac8a8,2010,김상수,삼성,Unknown,OriginalObserved2011,https://www.inven.co.kr/webzine/news/?news=86951,False,Holdout,Hitter,6,5,5
PM_741edfa814a34bb293b5,2010,레딩,삼성,Unknown,OriginalObserved2011,https://www.inven.co.kr/webzine/news/?news=86951,False,Holdout,Pitcher,5,4,4
PM_68862b7e5223408e0a52,2010,박석민,삼성,Unknown,OriginalObserved2011,https://www.inven.co.kr/webzine/news/?news=86951,False,Holdout,Hitter,7,8,8
PM_0bc2d80624f4c24ddce5,2010,박한이,삼성,Unknown,OriginalObserved2011,https://www.inven.co.kr/webzine/news/?news=86951,False,Holdout,Hitter,9,8,8
PM_84aa057acfee3c13b776,2010,배영수,삼성,Unknown,OriginalObserved2011,https://www.inven.co.kr/webzine/news/?news=86951,False,Holdout,Pitcher,6,7,7
PM_16a9260f5cac18bff55b,2010,신명철,삼성,Unknown,OriginalObserved2011,https://www.inven.co.kr/webzine/news/?news=86951,False,Holdout,Hitter,7,7,7
PM_d5fe2e8427a9e8357214,2010,안지만,삼성,Unknown,OriginalObserved2011,https://www.inven.co.kr/webzine/news/?news=86951,False,Holdout,Pitcher,8,8,8
PM_e31a9bed2403ae507b2d,2010,이영욱,삼성,Unknown,OriginalObserved2011,https://www.inven.co.kr/webzine/news/?news=86951,False,Holdout,Hitter,8,7,7
PM_6fd2b25f8dd35a5e4c99,2010,이우선,삼성,Unknown,OriginalObserved2011,https://www.inven.co.kr/webzine/news/?news=86951,False,Holdout,Pitcher,5,6,6
PM_ee171682319c17786a02,2010,장원삼,삼성,Unknown,OriginalObserved2011,https://www.inven.co.kr/webzine/news/?news=86951,False,Holdout,Pitcher,9,8,8
PM_ef56059529c8963a3a06,2010,정현욱,삼성,Unknown,OriginalObserved2011,https://www.inven.co.kr/webzine/news/?news=86951,False,Holdout,Pitcher,7,6,6
PM_815f3b368e99dfe19367,2010,조동찬,삼성,Unknown,OriginalObserved2011,https://www.inven.co.kr/webzine/news/?news=86951,False,Holdout,Hitter,6,7,7
PM_d3eed208ba316c01a405,2010,진갑용,삼성,Unknown,OriginalObserved2011,https://www.inven.co.kr/webzine/news/?news=86951,False,Holdout,Hitter,5,6,6
PM_b7f9bece1dabb1bdd0fb,2010,차우찬,삼성,Unknown,OriginalObserved2011,https://www.inven.co.kr/webzine/news/?news=86951,False,Holdout,Pitcher,8,8,8
PM_d8561196d4f03187dc9d,2010,채태인,삼성,Unknown,OriginalObserved2011,https://www.inven.co.kr/webzine/news/?news=86951,False,Holdout,Hitter,6,7,7
PM_a5f008fb5ce907b7ebf4,2010,최형우,삼성,Unknown,OriginalObserved2011,https://www.inven.co.kr/webzine/news/?news=86951,False,Holdout,Hitter,8,8,8
PM_67df513448ef4cbf3c9a,2010,크루세타,삼성,Unknown,OriginalObserved2011,https://www.inven.co.kr/webzine/news/?news=86951,False,Holdout,Pitcher,6,6,6
